timestamp,h,prediction,actual
2017-01-21,t+1,795.6312272580451,806.9099731445312
2017-01-22,t+1,796.4036568462341,820.8699951171875
2017-01-23,t+1,797.4309618044078,825.9000244140625
2017-01-24,t+1,795.8078383316185,835.77001953125
2017-01-25,t+1,796.7285340062642,838.0
2017-01-26,t+1,799.0126579883342,841.9500122070312
2017-01-27,t+1,800.8181877648565,841.9500122070312
2017-01-28,t+1,803.8971763350398,841.9500122070312
2017-01-29,t+1,805.5138734139889,815.8400268554688
2017-01-30,t+1,811.0255389452811,801.25
2017-01-31,t+1,810.85242796121,801.1900024414062
2017-02-01,t+1,817.2057789500229,802.7000122070312
2017-02-02,t+1,813.9505809558812,806.0
2017-02-03,t+1,810.0360464294351,806.0
2017-02-04,t+1,808.536458902521,806.0
2017-02-05,t+1,810.5583056859866,801.6699829101562
2017-02-06,t+1,800.2952973446243,810.5
2017-02-07,t+1,797.4681430830549,811.8400268554688
2017-02-08,t+1,794.0375963427011,810.6599731445312
2017-02-09,t+1,791.511220264261,815.25
2017-02-10,t+1,792.7539815516318,815.25
2017-02-11,t+1,794.5319696402673,815.25
2017-02-12,t+1,795.7621650325398,820.958984375
2017-02-13,t+1,794.1911412526695,823.0
2017-02-14,t+1,799.7537589065521,823.0
2017-02-15,t+1,798.7694878357013,824.4000244140625
2017-02-16,t+1,800.3418886999659,828.0700073242188
2017-02-17,t+1,804.3060556431244,828.0700073242188
2017-02-18,t+1,804.2526936228439,828.0700073242188
2017-02-19,t+1,805.3238931460871,828.0700073242188
2017-02-20,t+1,808.3681103353135,833.4500122070312
2017-02-21,t+1,809.6664714051055,833.25
2017-02-22,t+1,810.8917322449649,832.4600219726562
2017-02-23,t+1,811.9455460777297,829.0
2017-02-24,t+1,813.5303407015433,829.0
2017-02-25,t+1,814.3455746629895,829.0
2017-02-26,t+1,815.1222502613944,830.5
2017-02-27,t+1,814.6535251606726,828.5399780273438
2017-02-28,t+1,816.2975917919591,836.2550048828125
2017-03-01,t+1,815.8257682513502,834.510009765625
2017-03-02,t+1,816.9947407665911,831.3599853515625
2017-03-03,t+1,815.6382552596549,831.3599853515625
2017-03-04,t+1,815.8633511796122,831.3599853515625
2017-03-05,t+1,816.4607762926878,828.8800048828125
2017-03-06,t+1,816.5915993101496,833.4099731445312
2017-03-07,t+1,814.8545221037291,838.1500244140625
2017-03-08,t+1,819.0915812710316,842.0
2017-03-09,t+1,817.3511187321417,844.9099731445312
2017-03-10,t+1,817.9833726046907,844.9099731445312
2017-03-11,t+1,819.3328579326223,844.9099731445312
2017-03-12,t+1,820.0302937998365,848.6849975585938
2017-03-13,t+1,820.2207904743861,847.239990234375
2017-03-14,t+1,823.1887516152763,848.6300048828125
2017-03-15,t+1,824.3556585039257,850.8499755859375
2017-03-16,t+1,826.8995924083936,853.4000244140625
2017-03-17,t+1,829.6182438953927,853.4000244140625
2017-03-18,t+1,830.0799114385934,853.4000244140625
2017-03-19,t+1,831.0955685579318,850.219970703125
2017-03-20,t+1,833.2595993051125,853.5
2017-03-21,t+1,832.7897840125786,835.5499877929688
2017-03-22,t+1,833.3807253532975,822.5700073242188
2017-03-23,t+1,832.4103972619394,821.9299926757812
2017-03-24,t+1,832.6516165450137,821.9299926757812
2017-03-25,t+1,830.8640462441342,821.9299926757812
2017-03-26,t+1,826.4728683816991,821.6300048828125
2017-03-27,t+1,823.1970141216423,825.989990234375
2017-03-28,t+1,825.2167379,832.7650146484375
2017-03-29,t+1,816.8185887211491,833.6799926757812
2017-03-30,t+1,814.1480778094353,831.6400146484375
2017-03-31,t+1,811.9191519601716,831.6400146484375
2017-04-01,t+1,810.4996074636781,831.6400146484375
2017-04-02,t+1,811.8714704130177,840.8499755859375
2017-04-03,t+1,812.2660050919947,835.1799926757812
2017-04-04,t+1,813.8533817490477,842.4500122070312
2017-04-05,t+1,816.5917140671825,836.3900146484375
2017-04-06,t+1,817.6146582581075,828.4849853515625
2017-04-07,t+1,818.9267901718429,828.4849853515625
2017-04-08,t+1,818.7038746355099,828.4849853515625
2017-04-09,t+1,819.0955977671817,829.3499755859375
2017-04-10,t+1,821.3784594218903,827.427001953125
2017-04-11,t+1,815.9336398622397,826.6599731445312
2017-04-12,t+1,821.7720186660879,826.3800048828125
2017-04-13,t+1,817.20245099607,826.3800048828125
2017-04-14,t+1,815.8536542103354,826.3800048828125
2017-04-15,t+1,815.0134605942419,826.3800048828125
2017-04-16,t+1,813.1585279150729,837.75
2017-04-17,t+1,813.8982517488964,838.9299926757812
2017-04-18,t+1,813.4441581698645,842.219970703125
2017-04-19,t+1,814.0139268380206,845.2000122070312
2017-04-20,t+1,814.6236883321287,843.8800048828125
2017-04-21,t+1,816.8301791814681,843.8800048828125
2017-04-22,t+1,817.5251477724757,843.8800048828125
2017-04-23,t+1,818.346922884795,863.4500122070312
2017-04-24,t+1,824.6570678507358,875.0
2017-04-25,t+1,824.8497449089098,876.0499877929688
2017-04-26,t+1,829.5368237805776,875.4000244140625
2017-04-27,t+1,832.263508259877,916.8499755859376
2017-04-28,t+1,838.6422779314687,916.8499755859376
2017-04-29,t+1,843.7143092698695,916.8499755859376
2017-04-30,t+1,844.1457957134278,915.6799926757812
2017-05-01,t+1,855.2339644995789,920.77001953125
2017-05-02,t+1,866.6790276579284,928.0999755859376
2017-05-03,t+1,871.6238508254025,935.9299926757812
2017-05-04,t+1,873.9798700885601,934.9000244140624
2017-05-05,t+1,893.1997222232583,934.9000244140624
2017-05-06,t+1,890.0776423872355,934.9000244140624
2017-05-07,t+1,900.7305377477439,936.9249877929688
2017-05-08,t+1,902.0062916820623,937.5
2017-05-09,t+1,904.366729090985,932.0
2017-05-10,t+1,906.477225682336,932.530029296875
2017-05-11,t+1,910.2228952349267,933.4400024414062
2017-05-12,t+1,910.8003526242844,933.4400024414062
2017-05-13,t+1,912.2647671206266,933.4400024414062
2017-05-14,t+1,910.9151096571456,938.25
2017-05-15,t+1,912.1337719676155,943.1099853515624
2017-05-16,t+1,912.8269618246138,939.3330078125
2017-05-17,t+1,910.931405155812,933.1699829101562
2017-05-18,t+1,911.9156762266628,937.7550048828124
2017-05-19,t+1,912.3826225933751,937.7550048828124
2017-05-20,t+1,913.2669402886038,937.7550048828124
2017-05-21,t+1,912.1646989879716,941.8829956054688
2017-05-22,t+1,913.4018371807322,951.4669799804688
2017-05-23,t+1,916.5421060064634,955.0900268554688
2017-05-24,t+1,916.0797499210655,972.6290283203125
2017-05-25,t+1,916.0115842435459,974.97998046875
2017-05-26,t+1,920.4014997786196,974.97998046875
2017-05-27,t+1,921.3236872946925,974.97998046875
2017-05-28,t+1,924.2705331415361,974.97998046875
2017-05-29,t+1,929.7276890822193,976.2000122070311
2017-05-30,t+1,934.5515009585413,979.2700195312499
2017-05-31,t+1,936.0432276287045,971.5000000000001
2017-06-01,t+1,945.1697396951256,975.8800048828125
2017-06-02,t+1,945.0330640689879,975.8800048828125
2017-06-03,t+1,948.8870642605996,975.8800048828125
2017-06-04,t+1,949.523506764848,986.9099731445314
2017-06-05,t+1,948.5803187117615,988.2500000000001
2017-06-06,t+1,950.4395547796628,983.97998046875
2017-06-07,t+1,952.1196551192677,984.5700073242189
2017-06-08,t+1,949.1821045920858,984.4999999999999
2017-06-09,t+1,954.8844963119934,984.4999999999999
2017-06-10,t+1,952.8629364211099,984.4999999999999
2017-06-11,t+1,952.7785900019569,949.35498046875
2017-06-12,t+1,955.7034024984912,959.97998046875
2017-06-13,t+1,954.4153695616567,961.1500244140624
2017-06-14,t+1,954.803822117892,943.3389892578124
2017-06-15,t+1,952.3738419470553,942.0399780273438
2017-06-16,t+1,944.0948105683144,942.0399780273438
2017-06-17,t+1,946.0347782088336,942.0399780273438
2017-06-18,t+1,945.558880793558,959.989990234375
2017-06-19,t+1,926.3079295029545,961.6199951171876
2017-06-20,t+1,935.4463763007932,960.0999755859376
2017-06-21,t+1,928.4214671556763,960.719970703125
2017-06-22,t+1,923.7925700996691,966.0
2017-06-23,t+1,929.4008610526305,966.0
2017-06-24,t+1,926.6539219570311,966.0
2017-06-25,t+1,926.0410046445193,973.3099975585938
2017-06-26,t+1,934.7749329015221,948.2899780273438
2017-06-27,t+1,933.3440274587754,942.75
2017-06-28,t+1,935.5140829501813,931.260009765625
2017-06-29,t+1,935.8300090616483,926.0499877929688
2017-06-30,t+1,936.4425821030616,926.0499877929688
2017-07-01,t+1,929.9093494652386,926.0499877929688
2017-07-02,t+1,928.1471404686215,913.9400024414062
2017-07-03,t+1,928.6837443542806,913.9400024414062
2017-07-04,t+1,915.4941447823746,914.510009765625
2017-07-05,t+1,917.1971391500354,914.9439697265624
2017-07-06,t+1,906.6421315385576,921.5399780273438
2017-07-07,t+1,902.1465821547351,921.5399780273438
2017-07-08,t+1,900.6266826330045,921.5399780273438
2017-07-09,t+1,900.1724742969398,930.3800048828124
2017-07-10,t+1,895.673424823615,931.4299926757812
2017-07-11,t+1,898.7984883424922,946.2999877929688
2017-07-12,t+1,897.358058066018,954.4500122070312
2017-07-13,t+1,898.966090988986,956.9099731445312
2017-07-14,t+1,904.6855241282735,956.9099731445312
2017-07-15,t+1,905.58980954722,956.9099731445312
2017-07-16,t+1,910.3029956438638,960.739990234375
2017-07-17,t+1,916.7183728089383,968.0399780273438
2017-07-18,t+1,917.2588784337147,973.0399780273439
2017-07-19,t+1,925.9472481486716,975.9000244140624
2017-07-20,t+1,928.8903643919473,973.22998046875
2017-07-21,t+1,933.5476638135876,973.22998046875
2017-07-22,t+1,936.8155424598606,973.22998046875
2017-07-23,t+1,938.6696718397995,986.2000122070312
2017-07-24,t+1,941.1710308850759,959.7000122070312
2017-07-25,t+1,942.4066772364092,955.0
2017-07-26,t+1,943.9373639192288,951.780029296875
2017-07-27,t+1,946.6235965444446,943.8300170898438
2017-07-28,t+1,946.071213566767,943.8300170898438
2017-07-29,t+1,940.6595587896134,943.8300170898438
2017-07-30,t+1,938.2050206137444,943.5900268554688
2017-07-31,t+1,943.240903486794,937.447021484375
2017-08-01,t+1,928.109500161843,932.5999755859376
2017-08-02,t+1,931.3393368517225,932.239990234375
2017-08-03,t+1,924.6802157488507,930.3070068359376
2017-08-04,t+1,919.7281055097899,930.3070068359376
2017-08-05,t+1,918.1743526633652,930.3070068359376
2017-08-06,t+1,915.3894863684052,931.7000122070312
2017-08-07,t+1,915.212645780766,935.8140258789062
2017-08-08,t+1,912.3763109565677,925.97998046875
2017-08-09,t+1,910.6048066402889,919.260009765625
2017-08-10,t+1,909.3541844961671,917.780029296875
2017-08-11,t+1,907.6811417140832,917.780029296875
2017-08-12,t+1,907.6721332870036,917.780029296875
2017-08-13,t+1,904.5555044100417,924.6680297851562
2017-08-14,t+1,903.7362539524454,926.5499877929688
2017-08-15,t+1,905.6347943041017,932.7000122070312
2017-08-16,t+1,901.6907098416939,926.8599853515624
2017-08-17,t+1,901.1633438971801,915.2750244140624
2017-08-18,t+1,899.9699855124561,915.2750244140624
2017-08-19,t+1,899.330387189804,915.2750244140624
2017-08-20,t+1,899.766234400611,913.0
2017-08-21,t+1,900.4884577869232,925.8599853515624
2017-08-22,t+1,898.2601631013401,929.9299926757812
2017-08-23,t+1,902.892215975751,930.8400268554688
2017-08-24,t+1,900.635404167502,925.5549926757812
2017-08-25,t+1,897.6670987555133,925.5549926757812
2017-08-26,t+1,900.3797254982871,925.5549926757812
2017-08-27,t+1,899.2135645303513,919.2449951171876
2017-08-28,t+1,897.6983126684515,923.3300170898438
2017-08-29,t+1,902.310856847276,930.8189697265624
2017-08-30,t+1,902.3973262715369,941.97998046875
2017-08-31,t+1,905.4022965555248,942.47998046875
2017-09-01,t+1,903.4692717154937,942.47998046875
2017-09-02,t+1,905.9010306203397,942.47998046875
2017-09-03,t+1,907.2063344906198,942.47998046875
2017-09-04,t+1,906.7516097479072,937.0
2017-09-05,t+1,909.3320363888249,930.9149780273438
2017-09-06,t+1,910.3361604263607,936.4099731445312
2017-09-07,t+1,915.1437341825329,936.989990234375
2017-09-08,t+1,915.3112794505103,936.989990234375
2017-09-09,t+1,916.0921436806145,936.989990234375
2017-09-10,t+1,915.3555182866783,938.3800048828124
2017-09-11,t+1,916.7118890365816,933.47998046875
2017-09-12,t+1,914.4296585455538,937.25
2017-09-13,t+1,912.1802485659243,932.77001953125
2017-09-14,t+1,914.1397822805463,926.489990234375
2017-09-15,t+1,912.1408295251365,926.489990234375
2017-09-16,t+1,912.1045089242359,926.489990234375
2017-09-17,t+1,912.414180777412,922.0800170898438
2017-09-18,t+1,911.5522407035912,922.4199829101562
2017-09-19,t+1,907.6098202181599,933.8800048828124
2017-09-20,t+1,910.4695080985455,936.530029296875
2017-09-21,t+1,907.3478872906542,934.72998046875
2017-09-22,t+1,905.3262126427378,934.72998046875
2017-09-23,t+1,905.9830818988355,934.72998046875
2017-09-24,t+1,907.1822928922354,926.4000244140624
2017-09-25,t+1,905.4016080133276,930.8200073242188
2017-09-26,t+1,905.4748230002931,949.9000244140624
2017-09-27,t+1,910.2218050431145,950.6900024414062
2017-09-28,t+1,910.4154001575514,959.7860107421876
2017-09-29,t+1,911.2143959988477,959.7860107421876
2017-09-30,t+1,914.4049284049722,959.7860107421876
2017-10-01,t+1,918.3164792485638,962.5399780273438
2017-10-02,t+1,916.0178958803533,958.0
2017-10-03,t+1,920.364777528104,960.3900146484376
2017-10-04,t+1,926.748252238043,970.9099731445312
2017-10-05,t+1,926.4898194000396,979.4600219726561
2017-10-06,t+1,935.3307012116691,979.4600219726561
2017-10-07,t+1,934.3747177494186,979.4600219726561
2017-10-08,t+1,937.6540720989776,985.4249877929688
2017-10-09,t+1,942.0568978002482,981.5700073242188
2017-10-10,t+1,941.5858775588692,990.7100219726562
2017-10-11,t+1,944.0156282156402,994.1199951171877
2017-10-12,t+1,948.3295745949597,997.2100219726564
2017-10-13,t+1,952.8753301806589,997.2100219726564
2017-10-14,t+1,954.2735298690402,997.2100219726564
2017-10-15,t+1,958.0435279125975,993.9069824218749
2017-10-16,t+1,961.7089822992182,996.4400024414062
2017-10-17,t+1,959.896394965175,996.7199707031249
2017-10-18,t+1,965.6062458922186,988.8800048828123
2017-10-19,t+1,964.7791919563876,990.9999999999999
2017-10-20,t+1,966.9520016165823,990.9999999999999
2017-10-21,t+1,967.6978649516639,990.9999999999999
2017-10-22,t+1,967.9079277003163,989.5200195312499
2017-10-23,t+1,964.8393246416069,972.2299804687499
2017-10-24,t+1,965.7909473366087,976.0900268554689
2017-10-25,t+1,964.6429753583814,987.5999755859375
2017-10-26,t+1,961.7620000484001,1048.3900146484377
2017-10-27,t+1,964.4100185816731,1048.3900146484377
2017-10-28,t+1,961.5331745248748,1048.3900146484377
2017-10-29,t+1,965.1485374666515,1024.969970703125
2017-10-30,t+1,970.0790733835345,1024.0
2017-10-31,t+1,973.3702477074783,1029.6700439453123
2017-11-01,t+1,979.2500538001893,1028.0899658203123
2017-11-02,t+1,978.247192090015,1032.6500244140623
2017-11-03,t+1,998.9089663426146,1032.6500244140623
2017-11-04,t+1,995.1817726723145,1032.6500244140623
2017-11-05,t+1,1009.5576156929071,1034.8699951171877
2017-11-06,t+1,999.2260400244102,1033.969970703125
2017-11-07,t+1,1002.3380212415411,1043.52197265625
2017-11-08,t+1,1000.512122091686,1033.989990234375
2017-11-09,t+1,998.9991653704435,1030.760009765625
2017-11-10,t+1,1002.6387994246704,1030.760009765625
2017-11-11,t+1,1002.0367840302804,1030.760009765625
2017-11-12,t+1,1004.0562782945724,1031.5799560546877
2017-11-13,t+1,1002.8478867385436,1026.81005859375
2017-11-14,t+1,1001.1424824731928,1024.0899658203123
2017-11-15,t+1,1005.9287687997692,1035.9200439453123
2017-11-16,t+1,1000.6618226410535,1034.4200439453123
2017-11-17,t+1,1002.4007933385162,1034.4200439453123
2017-11-18,t+1,999.8653514544801,1034.4200439453123
2017-11-19,t+1,999.5018011743757,1022.6099853515625
2017-11-20,t+1,1001.5786739550983,1035.1099853515623
2017-11-21,t+1,999.212154423434,1039.7060546875
2017-11-22,t+1,999.0572324290713,1039.7060546875
2017-11-23,t+1,1003.2135026452395,1043.177978515625
2017-11-24,t+1,999.4133235020397,1043.177978515625
2017-11-25,t+1,1004.9917776264572,1043.177978515625
2017-11-26,t+1,1006.1258066251919,1055.4599609375
2017-11-27,t+1,1001.4165222676654,1062.375
2017-11-28,t+1,1009.6522902450176,1044.0799560546877
2017-11-29,t+1,1007.5681877712248,1028.489990234375
2017-11-30,t+1,1009.1147683030956,1022.4899902343749
2017-12-01,t+1,1013.5446766641214,1022.4899902343749
2017-12-02,t+1,1012.9874738910637,1022.4899902343749
2017-12-03,t+1,1008.3140511063064,1016.0999755859377
2017-12-04,t+1,1009.5044831866924,1020.6099853515624
2017-12-05,t+1,1010.1830989005173,1024.969970703125
2017-12-06,t+1,1004.2102822326722,1034.239990234375
2017-12-07,t+1,1000.9703469239009,1042.050048828125
2017-12-08,t+1,996.0197285262673,1042.050048828125
2017-12-09,t+1,995.344268630846,1042.050048828125
2017-12-10,t+1,996.0862876053268,1043.800048828125
2017-12-11,t+1,995.6450468139753,1050.31005859375
2017-12-12,t+1,1000.4062013503551,1046.6650390625
2017-12-13,t+1,1000.6767984338419,1058.5
2017-12-14,t+1,1005.6396384554753,1067.6199951171877
2017-12-15,t+1,1010.5467639376545,1067.6199951171877
2017-12-16,t+1,1013.4070829817208,1067.6199951171877
2017-12-17,t+1,1015.4938248672695,1078.489990234375
2017-12-18,t+1,1019.7262937532576,1076.8399658203123
2017-12-19,t+1,1024.8496214853474,1073.3800048828123
2017-12-20,t+1,1022.7828473235165,1069.3299560546877
2017-12-21,t+1,1030.1182316210395,1064.199951171875
2017-12-22,t+1,1033.7609641151537,1064.199951171875
2017-12-23,t+1,1034.4033739851109,1064.199951171875
2017-12-24,t+1,1034.89786203971,1064.199951171875
2017-12-25,t+1,1038.4849373728864,1060.1199951171877
2017-12-26,t+1,1035.3579229844506,1058.3699951171877
2017-12-27,t+1,1036.1098110637574,1054.75
2017-12-28,t+1,1034.1439083338116,1049.699951171875
2017-12-29,t+1,1030.891005480327,1049.699951171875
2017-12-30,t+1,1029.3103421096964,1049.699951171875
2017-12-31,t+1,1027.4059491493642,1049.699951171875
2018-01-01,t+1,1026.3115113269666,1066.93994140625
2018-01-02,t+1,1024.0062720508502,1086.2900390625
2018-01-03,t+1,1025.0631843235021,1093.5699462890623
2018-01-04,t+1,1024.4461357578073,1104.25
2018-01-05,t+1,1024.8802616131213,1104.25
2018-01-06,t+1,1029.842355714041,1104.25
2018-01-07,t+1,1033.5716150109326,1111.27001953125
2018-01-08,t+1,1036.6669564582987,1110.5699462890623
2018-01-09,t+1,1046.7157707978256,1104.5999755859377
2018-01-10,t+1,1053.2865289853942,1106.5250244140623
2018-01-11,t+1,1058.1794245954986,1124.2900390625
2018-01-12,t+1,1068.0246599587297,1124.2900390625
2018-01-13,t+1,1068.4807044073202,1124.2900390625
2018-01-14,t+1,1069.9920545301027,1124.2900390625
2018-01-15,t+1,1074.9026227232678,1139.9100341796875
2018-01-16,t+1,1078.2345931723937,1132.5999755859375
2018-01-17,t+1,1077.5741664482773,1132.510009765625
2018-01-18,t+1,1078.7485899225792,1137.8599853515625
2018-01-19,t+1,1086.4584264183284,1137.8599853515625
2018-01-20,t+1,1087.7657385366836,1137.8599853515625
2018-01-21,t+1,1090.1259464315406,1159.8800048828125
2018-01-22,t+1,1090.893900495448,1171.626953125
2018-01-23,t+1,1100.434800207531,1179.8599853515625
2018-01-24,t+1,1096.8355606288712,1175.93994140625
2018-01-25,t+1,1102.7844504553648,1175.8399658203125
2018-01-26,t+1,1108.9049020459859,1175.8399658203125
2018-01-27,t+1,1111.7133509111989,1175.8399658203125
2018-01-28,t+1,1114.321548754069,1186.8900146484375
2018-01-29,t+1,1123.4844387999071,1176.52001953125
2018-01-30,t+1,1126.0826527809184,1173.0
2018-01-31,t+1,1132.9219424253822,1174.0
2018-02-01,t+1,1133.1513417340718,1123.0699462890623
2018-02-02,t+1,1133.778029890527,1123.0699462890623
2018-02-03,t+1,1128.9891041521948,1123.0699462890623
2018-02-04,t+1,1127.5460344639648,1110.0
2018-02-05,t+1,1127.4436711906526,1081.7099609375
2018-02-06,t+1,1109.3750616096183,1081.780029296875
2018-02-07,t+1,1110.26190395957,1058.6199951171877
2018-02-08,t+1,1107.2699585988119,1043.969970703125
2018-02-09,t+1,1077.1589755033854,1043.969970703125
2018-02-10,t+1,1075.8049572726557,1043.969970703125
2018-02-11,t+1,1062.0983772677098,1061.5
2018-02-12,t+1,1051.295264951186,1058.3699951171877
2018-02-13,t+1,1038.7185826917919,1071.719970703125
2018-02-14,t+1,1040.3870351925614,1091.47900390625
2018-02-15,t+1,1026.9605771048298,1104.6700439453123
2018-02-16,t+1,1028.1274266149628,1104.6700439453123
2018-02-17,t+1,1026.5492878990551,1104.6700439453123
2018-02-18,t+1,1027.220157513162,1104.6700439453123
2018-02-19,t+1,1040.1147167535817,1113.949951171875
2018-02-20,t+1,1040.4868738111506,1133.969970703125
2018-02-21,t+1,1051.4745154365153,1122.8199462890623
2018-02-22,t+1,1058.3336580476641,1127.280029296875
2018-02-23,t+1,1065.8939661295951,1127.280029296875
2018-02-24,t+1,1071.6630316855951,1127.280029296875
2018-02-25,t+1,1078.0054233777698,1143.9599609375
2018-02-26,t+1,1076.733341668503,1144.0400390625
2018-02-27,t+1,1081.9286220601969,1127.530029296875
2018-02-28,t+1,1089.9549584525773,1110.1199951171877
2018-03-01,t+1,1084.1131369377433,1081.9990234375
2018-03-02,t+1,1092.323773124899,1081.9990234375
2018-03-03,t+1,1087.4175656989826,1081.9990234375
2018-03-04,t+1,1082.8859252283253,1097.0999755859377
2018-03-05,t+1,1084.5655091612823,1101.8499755859377
2018-03-06,t+1,1077.815844759483,1112.219970703125
2018-03-07,t+1,1075.171957479393,1127.5999755859375
2018-03-08,t+1,1072.1810449319307,1160.800048828125
2018-03-09,t+1,1063.7361896407053,1160.800048828125
2018-03-10,t+1,1066.8611384025496,1160.800048828125
2018-03-11,t+1,1064.633704394713,1177.050048828125
2018-03-12,t+1,1077.6907595936643,1176.760009765625
2018-03-13,t+1,1085.4966477259184,1158.5899658203125
2018-03-14,t+1,1092.5216142495517,1161.0799560546875
2018-03-15,t+1,1099.7882590843908,1155.8800048828125
2018-03-16,t+1,1117.9456906088596,1155.8800048828125
2018-03-17,t+1,1115.79032401766,1155.8800048828125
2018-03-18,t+1,1118.617822550328,1121.989990234375
2018-03-19,t+1,1124.2880823010344,1105.199951171875
2018-03-20,t+1,1119.9179049756128,1106.300048828125
2018-03-21,t+1,1113.8935050214966,1082.9000244140623
2018-03-22,t+1,1112.820526764244,1063.3599853515623
2018-03-23,t+1,1096.3476137251453,1063.3599853515623
2018-03-24,t+1,1092.5657957072033,1063.3599853515623
2018-03-25,t+1,1089.383009400797,1055.6300048828123
2018-03-26,t+1,1067.7610630542474,1064.8389892578123
2018-03-27,t+1,1060.4251049715601,1024.22998046875
2018-03-28,t+1,1054.237750030781,1043.0
2018-03-29,t+1,1039.4907827659151,1043.0
2018-03-30,t+1,1032.8355634021607,1043.0
2018-03-31,t+1,1029.2025852558397,1043.0
2018-04-01,t+1,1018.2756501008587,1034.800048828125
2018-04-02,t+1,1017.7109307421485,1020.989990234375
2018-04-03,t+1,1023.060329828975,1028.718017578125
2018-04-04,t+1,1001.6871193511522,1042.7900390625
2018-04-05,t+1,1016.1519564507287,1031.4200439453123
2018-04-06,t+1,1003.1437303692599,1031.4200439453123
2018-04-07,t+1,1004.7150984202287,1031.4200439453123
2018-04-08,t+1,1007.1330864811314,1039.5999755859377
2018-04-09,t+1,1006.1652256659797,1036.280029296875
2018-04-10,t+1,998.7282240158581,1031.364013671875
2018-04-11,t+1,1001.6230275482992,1040.68994140625
2018-04-12,t+1,1005.0997639943796,1046.4200439453123
2018-04-13,t+1,1001.8875998875608,1046.4200439453123
2018-04-14,t+1,1005.543931090069,1046.4200439453123
2018-04-15,t+1,1002.8866172371343,1043.239990234375
2018-04-16,t+1,1008.7459391994796,1077.8800048828123
2018-04-17,t+1,1008.764644595836,1077.4300537109377
2018-04-18,t+1,1009.8880011905146,1094.1650390625
2018-04-19,t+1,1015.1042247407056,1092.3499755859377
2018-04-20,t+1,1017.8355568798358,1092.3499755859377
2018-04-21,t+1,1026.2055905856357,1092.3499755859377
2018-04-22,t+1,1029.3905572756664,1082.719970703125
2018-04-23,t+1,1030.284858832754,1057.0
2018-04-24,t+1,1044.3144798852043,1032.489990234375
2018-04-25,t+1,1037.2683980675245,1047.97998046875
2018-04-26,t+1,1050.4218491740792,1049.5
2018-04-27,t+1,1043.703513442251,1049.5
2018-04-28,t+1,1040.330345218328,1049.5
2018-04-29,t+1,1036.1992067923563,1037.0
2018-04-30,t+1,1035.0115862592754,1038.469970703125
2018-05-01,t+1,1025.1867776478937,1040.3890380859377
2018-05-02,t+1,1014.8390212377633,1029.675048828125
2018-05-03,t+1,1017.827982915667,1048.510009765625
2018-05-04,t+1,1009.3822095681787,1048.510009765625
2018-05-05,t+1,1013.2670220231137,1048.510009765625
2018-05-06,t+1,1013.98419609998,1061.6800537109377
2018-05-07,t+1,1008.0629053398895,1060.550048828125
2018-05-08,t+1,1014.233907403486,1085.43994140625
2018-05-09,t+1,1013.914653338066,1100.43994140625
2018-05-10,t+1,1011.5712573485232,1101.3299560546877
2018-05-11,t+1,1025.4959330944218,1101.3299560546877
2018-05-12,t+1,1023.155463409217,1101.3299560546877
2018-05-13,t+1,1032.637607520475,1110.75
2018-05-14,t+1,1042.823556514271,1090.050048828125
2018-05-15,t+1,1040.4061996170492,1089.27001953125
2018-05-16,t+1,1053.494239214873,1086.8699951171877
2018-05-17,t+1,1057.6253776408446,1069.93994140625
2018-05-18,t+1,1060.9978573225706,1069.93994140625
2018-05-19,t+1,1058.8577534167414,1069.93994140625
2018-05-20,t+1,1057.8740561310549,1088.0
2018-05-21,t+1,1061.2461915416823,1086.5899658203123
2018-05-22,t+1,1048.0070169315802,1080.780029296875
2018-05-23,t+1,1052.2742571985252,1080.469970703125
2018-05-24,t+1,1048.547178285258,1082.56005859375
2018-05-25,t+1,1044.5713061247477,1082.56005859375
2018-05-26,t+1,1045.3849334877339,1082.56005859375
2018-05-27,t+1,1040.351804783473,1082.56005859375
2018-05-28,t+1,1048.5285876459345,1073.3699951171877
2018-05-29,t+1,1046.12075558244,1069.2099609375
2018-05-30,t+1,1046.9498751448625,1097.18994140625
2018-05-31,t+1,1047.593776856247,1120.0
2018-06-01,t+1,1048.3300579790846,1120.0
2018-06-02,t+1,1047.5198733270843,1120.0
2018-06-03,t+1,1049.7544222709582,1141.8900146484375
2018-06-04,t+1,1058.223032267986,1145.738037109375
2018-06-05,t+1,1060.2029353559408,1143.0
2018-06-06,t+1,1059.8543034901084,1135.8199462890625
2018-06-07,t+1,1071.6451295884688,1126.6700439453125
2018-06-08,t+1,1081.6047777134625,1126.6700439453125
2018-06-09,t+1,1085.6321757817275,1126.6700439453125
2018-06-10,t+1,1088.9127350801316,1137.260009765625
2018-06-11,t+1,1096.5280117808031,1139.7900390625
2018-06-12,t+1,1094.3711533481762,1146.5
2018-06-13,t+1,1098.0393619035856,1155.469970703125
2018-06-14,t+1,1097.6400074292285,1153.4200439453125
2018-06-15,t+1,1096.666294005401,1153.4200439453125
2018-06-16,t+1,1097.5523330561225,1153.4200439453125
2018-06-17,t+1,1097.5019547186964,1174.31005859375
2018-06-18,t+1,1104.6330714977264,1171.27001953125
2018-06-19,t+1,1104.8064693743797,1186.2860107421875
2018-06-20,t+1,1110.5253861070194,1177.2950439453125
2018-06-21,t+1,1115.9362949634594,1162.4969482421875
2018-06-22,t+1,1118.634232806027,1162.4969482421875
2018-06-23,t+1,1121.0545733861034,1162.4969482421875
2018-06-24,t+1,1122.6696638665924,1143.9100341796875
2018-06-25,t+1,1128.2468556636484,1133.2099609375
2018-06-26,t+1,1119.9389055126264,1131.8360595703125
2018-06-27,t+1,1130.4476660398611,1122.31005859375
2018-06-28,t+1,1122.1999633310913,1128.22705078125
2018-06-29,t+1,1114.682918650549,1128.22705078125
2018-06-30,t+1,1111.9849808079814,1128.22705078125
2018-07-01,t+1,1108.3974464466735,1128.0
2018-07-02,t+1,1098.7681838192873,1135.8199462890625
2018-07-03,t+1,1097.5813665854364,1135.8199462890625
2018-07-04,t+1,1094.8461327071889,1127.5
2018-07-05,t+1,1088.3355072048396,1140.9300537109375
2018-07-06,t+1,1092.477547548933,1140.9300537109375
2018-07-07,t+1,1091.7528568864143,1140.9300537109375
2018-07-08,t+1,1092.755489082523,1154.6700439453125
2018-07-09,t+1,1092.2653617951726,1159.5899658203125
2018-07-10,t+1,1099.3106403136223,1164.2900390625
2018-07-11,t+1,1099.3848881138836,1184.4100341796875
2018-07-12,t+1,1099.1095859920495,1195.4169921875
2018-07-13,t+1,1110.6768653903962,1195.4169921875
2018-07-14,t+1,1109.961584804572,1195.4169921875
2018-07-15,t+1,1115.0928307719294,1191.0
2018-07-16,t+1,1125.6486416826372,1203.0400390625
2018-07-17,t+1,1129.3573594706465,1204.5
2018-07-18,t+1,1134.2261561038501,1200.0
2018-07-19,t+1,1143.2431899609217,1196.8599853515625
2018-07-20,t+1,1146.6805073662142,1196.8599853515625
2018-07-21,t+1,1152.0059222331727,1196.8599853515625
2018-07-22,t+1,1154.2778819697594,1206.489990234375
2018-07-23,t+1,1151.1460477859434,1266.0
2018-07-24,t+1,1158.651272492101,1265.8599853515625
2018-07-25,t+1,1159.6448388826136,1269.77099609375
2018-07-26,t+1,1162.790443910373,1273.8900146484375
2018-07-27,t+1,1168.428686448911,1273.8900146484375
2018-07-28,t+1,1179.6350549789092,1273.8900146484375
2018-07-29,t+1,1181.0846658180124,1234.916015625
2018-07-30,t+1,1183.6344523311561,1227.5880126953125
2018-07-31,t+1,1208.168702657658,1233.469970703125
2018-08-01,t+1,1203.2716757943706,1229.8800048828125
2018-08-02,t+1,1213.6999916415696,1230.0
2018-08-03,t+1,1206.267522894246,1230.0
2018-08-04,t+1,1205.3013834345873,1230.0
2018-08-05,t+1,1207.9494019678602,1226.0880126953125
2018-08-06,t+1,1189.8083806990905,1251.1700439453125
2018-08-07,t+1,1191.4920958852306,1256.5
2018-08-08,t+1,1187.974563313968,1255.5419921875
2018-08-09,t+1,1184.818056368087,1245.6949462890625
2018-08-10,t+1,1187.2271507589428,1245.6949462890625
2018-08-11,t+1,1191.5172276754272,1245.6949462890625
2018-08-12,t+1,1192.8575898192464,1249.27294921875
2018-08-13,t+1,1189.9363347907308,1245.8699951171875
2018-08-14,t+1,1199.337460436789,1235.239990234375
2018-08-15,t+1,1197.68507392062,1226.0
2018-08-16,t+1,1201.548713702992,1209.02001953125
2018-08-17,t+1,1197.5847762738993,1209.02001953125
2018-08-18,t+1,1195.964980755063,1209.02001953125
2018-08-19,t+1,1190.2920815926007,1211.0
2018-08-20,t+1,1188.6550725188351,1217.260009765625
2018-08-21,t+1,1183.6178125613912,1211.8399658203125
2018-08-22,t+1,1180.267136715909,1221.280029296875
2018-08-23,t+1,1177.4538680553158,1221.6500244140625
2018-08-24,t+1,1169.836296213987,1221.6500244140625
2018-08-25,t+1,1171.0373433199127,1221.6500244140625
2018-08-26,t+1,1167.1185054047344,1243.0899658203125
2018-08-27,t+1,1170.5779709173692,1242.5450439453125
2018-08-28,t+1,1174.216801672366,1250.6600341796875
2018-08-29,t+1,1172.1994877916984,1253.635009765625
2018-08-30,t+1,1180.4835684798852,1238.6600341796875
2018-08-31,t+1,1182.1817430521658,1238.6600341796875
2018-09-01,t+1,1184.454965116114,1238.6600341796875
2018-09-02,t+1,1186.1290407114936,1238.6600341796875
2018-09-03,t+1,1195.0099727275917,1212.989990234375
2018-09-04,t+1,1188.158174566546,1199.010009765625
2018-09-05,t+1,1194.72032597665,1186.300048828125
2018-09-06,t+1,1193.5796410700093,1175.260009765625
2018-09-07,t+1,1184.831941969063,1175.260009765625
2018-09-08,t+1,1179.737877280353,1175.260009765625
2018-09-09,t+1,1172.1937499400553,1174.5400390625
2018-09-10,t+1,1169.0971461653278,1178.6800537109375
2018-09-11,t+1,1155.6417693053152,1178.6099853515625
2018-09-12,t+1,1152.673808164425,1178.6099853515625
2018-09-13,t+1,1143.5416730033937,1180.425048828125
2018-09-14,t+1,1137.3750890855624,1180.425048828125
2018-09-15,t+1,1136.9226021049906,1180.425048828125
2018-09-16,t+1,1134.6988403222056,1177.239990234375
2018-09-17,t+1,1134.328748891228,1176.0799560546875
2018-09-18,t+1,1136.4852630527564,1173.2099609375
2018-09-19,t+1,1135.6020929278563,1189.8900146484375
2018-09-20,t+1,1136.5669700601536,1192.2099609375
2018-09-21,t+1,1137.242315198542,1192.2099609375
2018-09-22,t+1,1137.1584278075204,1192.2099609375
2018-09-23,t+1,1138.42821437613,1178.0
2018-09-24,t+1,1139.7255426326262,1186.8800048828125
2018-09-25,t+1,1140.1033227848054,1194.22998046875
2018-09-26,t+1,1138.5667261147935,1202.0999755859375
2018-09-27,t+1,1145.5928402087554,1195.4100341796875
2018-09-28,t+1,1142.1831792483824,1195.4100341796875
2018-09-29,t+1,1147.8008802780384,1195.4100341796875
2018-09-30,t+1,1150.617132621486,1209.9000244140625
2018-10-01,t+1,1145.6802850677957,1209.9599609375
2018-10-02,t+1,1150.2885832364043,1206.4100341796875
2018-10-03,t+1,1149.7590942867826,1197.510009765625
2018-10-04,t+1,1155.0957553429614,1173.5
2018-10-05,t+1,1153.877953710238,1173.5
2018-10-06,t+1,1155.164724319711,1173.5
2018-10-07,t+1,1151.8457214152984,1168.0
2018-10-08,t+1,1154.1125170854064,1154.3499755859375
2018-10-09,t+1,1146.7982480819298,1132.1700439453125
2018-10-10,t+1,1146.830380051131,1106.4000244140623
2018-10-11,t+1,1141.2174988168551,1115.0
2018-10-12,t+1,1127.086891575487,1115.0
2018-10-13,t+1,1122.7574529967312,1115.0
2018-10-14,t+1,1111.3083733422316,1113.446044921875
2018-10-15,t+1,1104.2667670488333,1124.219970703125
2018-10-16,t+1,1101.2928385422344,1128.989990234375
2018-10-17,t+1,1092.900082943928,1121.8399658203123
2018-10-18,t+1,1081.0136642371942,1110.3599853515623
2018-10-19,t+1,1082.999419933825,1110.3599853515623
2018-10-20,t+1,1078.706588848552,1110.3599853515623
2018-10-21,t+1,1080.831085797912,1112.22998046875
2018-10-22,t+1,1077.4913118705515,1107.8900146484377
2018-10-23,t+1,1079.8556510185915,1106.1199951171877
2018-10-24,t+1,1080.3942057738093,1110.97998046875
2018-10-25,t+1,1079.2536356242015,1106.530029296875
2018-10-26,t+1,1075.9503544332908,1106.530029296875
2018-10-27,t+1,1074.6826334912728,1106.530029296875
2018-10-28,t+1,1072.1219450600072,1097.0400390625
2018-10-29,t+1,1073.404010631133,1037.489990234375
2018-10-30,t+1,1066.6393130580288,1091.93994140625
2018-10-31,t+1,1066.2342207320287,1083.9749755859377
2018-11-01,t+1,1068.1488270682855,1082.9749755859377
2018-11-02,t+1,1059.3478807040917,1082.9749755859377
2018-11-03,t+1,1052.6841693199055,1082.9749755859377
2018-11-04,t+1,1061.5331988808682,1058.469970703125
2018-11-05,t+1,1056.7470273113247,1064.344970703125
2018-11-06,t+1,1029.7526157143436,1095.4599609375
2018-11-07,t+1,1059.0046424188038,1093.27001953125
2018-11-08,t+1,1036.4307864846703,1075.56005859375
2018-11-09,t+1,1043.8054176874318,1075.56005859375
2018-11-10,t+1,1044.6572591423608,1075.56005859375
2018-11-11,t+1,1050.6952004263546,1062.1199951171877
2018-11-12,t+1,1037.963366658532,1056.60498046875
2018-11-13,t+1,1038.4019680381277,1054.56396484375
2018-11-14,t+1,1045.7588119007958,1071.8499755859377
2018-11-15,t+1,1042.082685110119,1067.0
2018-11-16,t+1,1038.0407128986806,1067.0
2018-11-17,t+1,1038.5586113879833,1067.0
2018-11-18,t+1,1035.9804798877228,1060.7900390625
2018-11-19,t+1,1032.8917943482627,1031.739990234375
2018-11-20,t+1,1029.4246401144262,1048.56005859375
2018-11-21,t+1,1025.5474590021765,1048.56005859375
2018-11-22,t+1,1032.105020130966,1037.5899658203123
2018-11-23,t+1,1023.9083843018195,1037.5899658203123
2018-11-24,t+1,1022.8193400599664,1037.5899658203123
2018-11-25,t+1,1025.04665931077,1049.31005859375
2018-11-26,t+1,1022.4615276315051,1057.5799560546877
2018-11-27,t+1,1008.220466746008,1086.8399658203123
2018-11-28,t+1,1019.3562023222801,1094.2449951171877
2018-11-29,t+1,1014.2666131578515,1095.5699462890623
2018-11-30,t+1,1016.9057953995941,1095.5699462890623
2018-12-01,t+1,1021.9837941037038,1095.5699462890623
2018-12-02,t+1,1025.9999459827484,1124.6500244140623
2018-12-03,t+1,1034.6980700454985,1104.4200439453123
2018-12-04,t+1,1037.3055793461715,1104.4200439453123
2018-12-05,t+1,1051.8135077115874,1071.199951171875
2018-12-06,t+1,1053.288250340887,1075.260009765625
2018-12-07,t+1,1062.7983951681633,1075.260009765625
2018-12-08,t+1,1060.3324960460411,1075.260009765625
2018-12-09,t+1,1056.97263963793,1048.449951171875
2018-12-10,t+1,1062.8566917408568,1060.5999755859377
2018-12-11,t+1,1050.5892796850237,1081.6500244140623
2018-12-12,t+1,1060.008422185241,1079.760009765625
2018-12-13,t+1,1039.805217035955,1062.5999755859377
2018-12-14,t+1,1040.7218962144505,1062.5999755859377
2018-12-15,t+1,1036.3287674824567,1062.5999755859377
2018-12-16,t+1,1041.6804617099403,1053.1500244140623
2018-12-17,t+1,1027.832042012378,1049.47998046875
2018-12-18,t+1,1031.6458772424883,1062.0
2018-12-19,t+1,1034.0515289223583,1034.219970703125
2018-12-20,t+1,1032.2499582634698,1024.02001953125
2018-12-21,t+1,1025.8818609959342,1024.02001953125
2018-12-22,t+1,1026.5329924003888,1024.02001953125
2018-12-23,t+1,1023.1808247134793,1003.5399780273439
2018-12-24,t+1,1011.6911210693468,1003.5399780273439
2018-12-25,t+1,1007.7770455710322,1040.0
2018-12-26,t+1,1012.9633749141628,1043.8900146484377
2018-12-27,t+1,998.4716272903804,1055.56005859375
2018-12-28,t+1,996.9945895204235,1055.56005859375
2018-12-29,t+1,995.2818408049695,1055.56005859375
2018-12-30,t+1,1001.320528009677,1052.699951171875
2018-12-31,t+1,994.4607542348474,1052.699951171875
2019-01-01,t+1,998.8105048084196,1052.3199462890623
2019-01-02,t+1,1010.9147897420405,1056.97998046875
2019-01-03,t+1,1008.3701099168591,1070.8399658203123
2019-01-04,t+1,1020.6756786861185,1070.8399658203123
2019-01-05,t+1,1020.815911780275,1070.8399658203123
2019-01-06,t+1,1024.0382892630184,1074.0
2019-01-07,t+1,1024.9157215362754,1084.56005859375
2019-01-08,t+1,1028.691342674443,1082.6300048828123
2019-01-09,t+1,1028.3801216013233,1071.1500244140623
2019-01-10,t+1,1030.0811650994253,1063.7750244140623
2019-01-11,t+1,1036.290438633481,1063.7750244140623
2019-01-12,t+1,1037.4337629518775,1063.7750244140623
2019-01-13,t+1,1038.8685701337415,1051.530029296875
2019-01-14,t+1,1036.5474943870902,1080.050048828125
2019-01-15,t+1,1039.8064793633164,1092.375
2019-01-16,t+1,1039.781232816087,1091.800048828125
2019-01-17,t+1,1037.5804224398742,1108.35205078125
2019-01-18,t+1,1035.8167216018298,1108.35205078125
2019-01-19,t+1,1041.076265931926,1108.35205078125
2019-01-20,t+1,1043.1694342113149,1108.35205078125
2019-01-21,t+1,1038.8497499803523,1091.510009765625
2019-01-22,t+1,1054.895996371273,1084.9300537109377
2019-01-23,t+1,1054.3061452223662,1079.4749755859377
2019-01-24,t+1,1057.8807120389608,1094.0
2019-01-25,t+1,1066.4015364859404,1094.0
2019-01-26,t+1,1060.708784356793,1094.0
2019-01-27,t+1,1062.7081961403344,1083.0
2019-01-28,t+1,1062.6922449127667,1075.1500244140623
2019-01-29,t+1,1057.385994470296,1091.0
2019-01-30,t+1,1056.5191198440623,1117.3299560546877
2019-01-31,t+1,1051.596387405414,1125.0
2019-02-01,t+1,1056.0924531958842,1125.0
2019-02-02,t+1,1054.0316463997622,1125.0
2019-02-03,t+1,1062.275103098316,1132.800048828125
2019-02-04,t+1,1063.8908821210023,1146.8499755859375
2019-02-05,t+1,1064.5611779499447,1147.0
2019-02-06,t+1,1070.6854165226503,1104.8399658203123
2019-02-07,t+1,1077.2117637385015,1098.9100341796877
2019-02-08,t+1,1081.9531800652292,1098.9100341796877
2019-02-09,t+1,1089.2923513448366,1098.9100341796877
2019-02-10,t+1,1087.2060684874193,1105.9449462890623
2019-02-11,t+1,1081.108109275239,1125.2950439453123
2019-02-12,t+1,1086.0209726090613,1134.72998046875
2019-02-13,t+1,1088.3231134452906,1128.22998046875
2019-02-14,t+1,1073.786036793528,1131.6700439453125
2019-02-15,t+1,1078.9145285920965,1131.6700439453125
2019-02-16,t+1,1075.3194202666198,1131.6700439453125
2019-02-17,t+1,1075.9531086020795,1131.6700439453125
2019-02-18,t+1,1077.9511433012265,1121.8900146484377
2019-02-19,t+1,1085.840115525272,1123.4100341796877
2019-02-20,t+1,1089.1661186086892,1111.93994140625
2019-02-21,t+1,1088.5505618844215,1111.239990234375
2019-02-22,t+1,1091.55134353671,1111.239990234375
2019-02-23,t+1,1087.4776983842019,1111.239990234375
2019-02-24,t+1,1087.5234864403135,1118.5400390625
2019-02-25,t+1,1085.497795296247,1119.510009765625
2019-02-26,t+1,1081.2198826252459,1117.97998046875
2019-02-27,t+1,1083.4750878350349,1127.6500244140625
2019-02-28,t+1,1077.0321689820737,1142.969970703125
2019-03-01,t+1,1080.7952816036593,1142.969970703125
2019-03-02,t+1,1079.502887899576,1142.969970703125
2019-03-03,t+1,1080.143002628876,1158.280029296875
2019-03-04,t+1,1087.1820842675513,1169.6099853515625
2019-03-05,t+1,1091.0763641776973,1167.5660400390625
2019-03-06,t+1,1092.4984333289137,1156.7550048828125
2019-03-07,t+1,1097.5815960995021,1147.0799560546875
2019-03-08,t+1,1105.9051532069932,1147.0799560546875
2019-03-09,t+1,1108.3764459096599,1147.0799560546875
2019-03-10,t+1,1110.1044573104843,1176.18994140625
2019-03-11,t+1,1114.4127805951937,1200.0
2019-03-12,t+1,1117.640322144416,1200.9300537109375
2019-03-13,t+1,1120.7128269422426,1197.8800048828125
2019-03-14,t+1,1121.305432259938,1196.5699462890625
2019-03-15,t+1,1124.7723569797088,1196.5699462890625
2019-03-16,t+1,1129.0754014409065,1196.5699462890625
2019-03-17,t+1,1127.4520484540515,1190.0
2019-03-18,t+1,1139.063279795984,1200.0
2019-03-19,t+1,1146.0813608976457,1227.1400146484375
2019-03-20,t+1,1150.995830829928,1231.7900390625
2019-03-21,t+1,1155.507962604999,1230.0
2019-03-22,t+1,1155.8582010692915,1230.0
2019-03-23,t+1,1159.2605175795613,1230.0
2019-03-24,t+1,1164.962909299469,1206.39794921875
2019-03-25,t+1,1162.0694254729058,1202.8299560546875
2019-03-26,t+1,1165.7329289899678,1187.5589599609375
2019-03-27,t+1,1174.2254084498306,1171.56494140625
2019-03-28,t+1,1172.0612055671006,1178.989990234375
2019-03-29,t+1,1170.222568386598,1178.989990234375
2019-03-30,t+1,1169.1042611013652,1178.989990234375
2019-03-31,t+1,1164.9342200412536,1196.6600341796875
2019-04-01,t+1,1152.194123767065,1201.3499755859375
2019-04-02,t+1,1155.9774336264343,1216.300048828125
2019-04-03,t+1,1146.2430535569472,1215.6700439453125
2019-04-04,t+1,1142.0268801696254,1216.219970703125
2019-04-05,t+1,1148.3433367723735,1216.219970703125
2019-04-06,t+1,1146.4925353463875,1216.219970703125
2019-04-07,t+1,1150.9440754081077,1208.68994140625
2019-04-08,t+1,1158.5087442572874,1202.2900390625
2019-04-09,t+1,1157.9377132617699,1203.7850341796875
2019-04-10,t+1,1167.3278222326733,1207.9599609375
2019-04-11,t+1,1165.6970100386823,1218.3499755859375
2019-04-12,t+1,1167.5590576538887,1218.3499755859375
2019-04-13,t+1,1166.648231084069,1218.3499755859375
2019-04-14,t+1,1167.8882955811675,1224.199951171875
2019-04-15,t+1,1166.5876393707183,1230.8199462890625
2019-04-16,t+1,1167.2050322075117,1240.56005859375
2019-04-17,t+1,1167.7400294947108,1242.0
2019-04-18,t+1,1168.9957009482785,1242.0
2019-04-19,t+1,1175.6239524093105,1242.0
2019-04-20,t+1,1177.5767728375101,1242.0
2019-04-21,t+1,1181.8107335649254,1249.0899658203125
2019-04-22,t+1,1184.8532867771753,1269.0
2019-04-23,t+1,1187.8756427516416,1268.010009765625
2019-04-24,t+1,1193.6471182053317,1267.407958984375
2019-04-25,t+1,1195.7062036459608,1273.0699462890625
2019-04-26,t+1,1200.825055853769,1273.0699462890625
2019-04-27,t+1,1205.4353048919363,1273.0699462890625
2019-04-28,t+1,1205.284169879658,1289.27001953125
2019-04-29,t+1,1208.9269023737722,1192.81005859375
2019-04-30,t+1,1213.0307286259228,1188.050048828125
2019-05-01,t+1,1209.3360111959225,1174.18994140625
2019-05-02,t+1,1213.2751611059173,1186.800048828125
2019-05-03,t+1,1207.327763120851,1186.800048828125
2019-05-04,t+1,1185.7151120939632,1186.800048828125
2019-05-05,t+1,1186.5865770015114,1190.8499755859375
2019-05-06,t+1,1193.5842313513238,1190.43994140625
2019-05-07,t+1,1153.2669872672848,1180.4239501953125
2019-05-08,t+1,1165.3047705003626,1169.6600341796875
2019-05-09,t+1,1138.82929020598,1172.5999755859375
2019-05-10,t+1,1145.2501757086318,1172.5999755859375
2019-05-11,t+1,1139.8669232971113,1172.5999755859375
2019-05-12,t+1,1139.4807658815332,1147.93994140625
2019-05-13,t+1,1138.422476524487,1140.4200439453125
2019-05-14,t+1,1137.3645314385392,1171.3299560546875
2019-05-15,t+1,1133.9618706571707,1188.1600341796875
2019-05-16,t+1,1129.6552687279543,1180.1500244140625
2019-05-17,t+1,1125.6418710176983,1180.1500244140625
2019-05-18,t+1,1124.0522565985045,1180.1500244140625
2019-05-19,t+1,1132.144693041813,1146.7969970703125
2019-05-20,t+1,1122.5147418722297,1152.7080078125
2019-05-21,t+1,1119.491812112599,1158.52001953125
2019-05-22,t+1,1128.7522456363693,1145.9730224609375
2019-05-23,t+1,1128.4246143075504,1149.7650146484375
2019-05-24,t+1,1122.5909405420496,1149.7650146484375
2019-05-25,t+1,1128.3675800622184,1149.7650146484375
2019-05-26,t+1,1127.7833520079218,1149.7650146484375
2019-05-27,t+1,1110.3973172583462,1151.5870361328125
2019-05-28,t+1,1117.51213853871,1129.0999755859375
2019-05-29,t+1,1111.9295531611094,1123.1300048828123
2019-05-30,t+1,1105.8455943069382,1109.5999755859377
2019-05-31,t+1,1109.1237437076522,1109.5999755859377
2019-06-01,t+1,1103.8621337509646,1109.5999755859377
2019-06-02,t+1,1098.986681209855,1065.5
2019-06-03,t+1,1094.6629804827423,1056.050048828125
2019-06-04,t+1,1091.1768913384838,1053.550048828125
2019-06-05,t+1,1079.512068462205,1047.489990234375
2019-06-06,t+1,1074.9199510352298,1070.9200439453123
2019-06-07,t+1,1055.1587899765252,1070.9200439453123
2019-06-08,t+1,1054.881077957001,1070.9200439453123
2019-06-09,t+1,1052.56642860419,1092.6600341796877
2019-06-10,t+1,1034.367799304924,1101.989990234375
2019-06-11,t+1,1041.2302698700257,1080.9300537109377
2019-06-12,t+1,1032.131529005557,1094.1700439453123
2019-06-13,t+1,1029.111468171748,1092.68994140625
2019-06-14,t+1,1044.8393785535116,1092.68994140625
2019-06-15,t+1,1041.6762156997245,1092.68994140625
2019-06-16,t+1,1043.1393678687052,1099.1800537109377
2019-06-17,t+1,1055.355827801948,1116.3900146484377
2019-06-18,t+1,1058.0862418848153,1107.0
2019-06-19,t+1,1052.375358144476,1120.1199951171877
2019-06-20,t+1,1063.7944862133988,1124.1099853515623
2019-06-21,t+1,1060.333414102304,1124.1099853515623
2019-06-22,t+1,1066.739266433651,1124.1099853515623
2019-06-23,t+1,1065.6266970000613,1122.0
2019-06-24,t+1,1070.8699458314911,1114.3499755859377
2019-06-25,t+1,1078.695801687463,1092.969970703125
2019-06-26,t+1,1072.4146902508362,1087.0999755859377
2019-06-27,t+1,1081.45869201063,1081.0
2019-06-28,t+1,1077.9695044264843,1081.0
2019-06-29,t+1,1076.3555615163239,1081.0
2019-06-30,t+1,1072.0094831678032,1107.5799560546877
2019-07-01,t+1,1070.2896195163119,1111.77001953125
2019-07-02,t+1,1067.453858477278,1126.760009765625
2019-07-03,t+1,1059.9065179400602,1126.760009765625
2019-07-04,t+1,1060.865198192583,1132.8800048828125
2019-07-05,t+1,1060.635225098729,1132.8800048828125
2019-07-06,t+1,1062.7414756798642,1132.8800048828125
2019-07-07,t+1,1064.380665137254,1125.97998046875
2019-07-08,t+1,1076.6517494181387,1128.0250244140625
2019-07-09,t+1,1076.502680032452,1142.050048828125
2019-07-10,t+1,1088.5731690198952,1153.0699462890625
2019-07-11,t+1,1088.0169416816168,1147.3399658203125
2019-07-12,t+1,1093.2662726357883,1147.3399658203125
2019-07-13,t+1,1094.223231532818,1147.3399658203125
2019-07-14,t+1,1099.1196846109412,1150.8199462890625
2019-07-15,t+1,1098.1153310593397,1158.5799560546875
2019-07-16,t+1,1098.9220730003542,1158.3599853515625
2019-07-17,t+1,1103.6199964116274,1147.60498046875
2019-07-18,t+1,1107.6811330475537,1151.1400146484375
2019-07-19,t+1,1107.8377763974092,1151.1400146484375
2019-07-20,t+1,1112.2197736972155,1151.1400146484375
2019-07-21,t+1,1110.1641309675722,1139.25
2019-07-22,t+1,1109.1721711755197,1146.9000244140625
2019-07-23,t+1,1112.7474265343114,1144.0
2019-07-24,t+1,1112.579996023367,1141.699951171875
2019-07-25,t+1,1108.4051351678752,1265.550048828125
2019-07-26,t+1,1112.881003720562,1265.550048828125
2019-07-27,t+1,1110.6419792524064,1265.550048828125
2019-07-28,t+1,1112.3727448220195,1247.3699951171875
2019-07-29,t+1,1121.92075947014,1234.8699951171875
2019-07-30,t+1,1147.8224546002164,1234.0
2019-07-31,t+1,1149.0875361304786,1234.1099853515625
2019-08-01,t+1,1148.2115956986488,1206.9000244140625
2019-08-02,t+1,1187.545372011067,1206.9000244140625
2019-08-03,t+1,1175.4792437908725,1206.9000244140625
2019-08-04,t+1,1201.2431157244825,1175.239990234375
2019-08-05,t+1,1190.1458811327354,1179.9599609375
2019-08-06,t+1,1179.7704682776855,1178.4449462890625
2019-08-07,t+1,1176.069209696812,1205.010009765625
2019-08-08,t+1,1172.5911535448538,1203.8800048828125
2019-08-09,t+1,1154.8679626327319,1203.8800048828125
2019-08-10,t+1,1159.5243439981093,1203.8800048828125
2019-08-11,t+1,1156.392739328359,1184.9599609375
2019-08-12,t+1,1146.057147163712,1204.780029296875
2019-08-13,t+1,1151.8877224893256,1182.300048828125
2019-08-14,t+1,1143.5354761236192,1175.8399658203125
2019-08-15,t+1,1154.4368204602722,1182.719970703125
2019-08-16,t+1,1147.7455673881993,1182.719970703125
2019-08-17,t+1,1155.6921476427412,1182.719970703125
2019-08-18,t+1,1150.8713194492736,1206.989990234375
2019-08-19,t+1,1141.8757451573472,1196.06005859375
2019-08-20,t+1,1155.4238456999117,1199.0
2019-08-21,t+1,1139.769494576212,1198.011962890625
2019-08-22,t+1,1144.9720046609762,1194.0799560546875
2019-08-23,t+1,1148.1879557498794,1194.0799560546875
2019-08-24,t+1,1144.0695553545554,1194.0799560546875
2019-08-25,t+1,1145.4370001581299,1169.469970703125
2019-08-26,t+1,1155.0905912764827,1182.4000244140625
2019-08-27,t+1,1146.0296054758253,1176.4200439453125
2019-08-28,t+1,1153.267561052449,1196.06005859375
2019-08-29,t+1,1149.0845524476242,1198.5
2019-08-30,t+1,1144.5631253528916,1198.5
2019-08-31,t+1,1147.6775164677126,1198.5
2019-09-01,t+1,1147.8604391780934,1198.5
2019-09-02,t+1,1140.6318936781643,1186.8900146484375
2019-09-03,t+1,1149.638025617114,1183.47998046875
2019-09-04,t+1,1139.619048106131,1213.0400390625
2019-09-05,t+1,1152.1253843043812,1212.0150146484375
2019-09-06,t+1,1149.8313912174851,1212.0150146484375
2019-09-07,t+1,1151.7853592160134,1212.0150146484375
2019-09-08,t+1,1153.8247064469904,1220.0
2019-09-09,t+1,1160.469941948886,1210.0
2019-09-10,t+1,1155.3232037820924,1222.5999755859375
2019-09-11,t+1,1154.7589434515137,1241.8599853515625
2019-09-12,t+1,1167.4358086005957,1240.8800048828125
2019-09-13,t+1,1164.917465514456,1240.8800048828125
2019-09-14,t+1,1170.6818260321086,1240.8800048828125
2019-09-15,t+1,1174.0981429003875,1239.56005859375
2019-09-16,t+1,1181.9547536411662,1235.0
2019-09-17,t+1,1176.3075600540649,1235.6099853515625
2019-09-18,t+1,1184.0779882631648,1244.43994140625
2019-09-19,t+1,1189.2592682968495,1243.3199462890625
2019-09-20,t+1,1188.9395552032981,1243.3199462890625
2019-09-21,t+1,1192.3670035037646,1243.3199462890625
2019-09-22,t+1,1192.9913965195626,1239.0899658203125
2019-09-23,t+1,1194.1428685872922,1246.739990234375
2019-09-24,t+1,1192.1141937603713,1248.300048828125
2019-09-25,t+1,1192.652059973392,1245.0
2019-09-26,t+1,1195.4591317542106,1244.02001953125
2019-09-27,t+1,1193.6992178982507,1244.02001953125
2019-09-28,t+1,1197.2530136918974,1244.02001953125
2019-09-29,t+1,1197.1701591141716,1226.0
2019-09-30,t+1,1193.7451207113952,1231.22998046875
2019-10-01,t+1,1196.8529706753432,1196.97998046875
2019-10-02,t+1,1193.9690116825075,1189.06005859375
2019-10-03,t+1,1191.1595300039987,1211.43994140625
2019-10-04,t+1,1187.7647874578977,1211.43994140625
2019-10-05,t+1,1185.969987463948,1211.43994140625
2019-10-06,t+1,1178.9830055181917,1218.2039794921875
2019-10-07,t+1,1171.0549011459404,1206.0799560546875
2019-10-08,t+1,1180.4424854621209,1208.3499755859375
2019-10-09,t+1,1160.948708289983,1215.0
2019-10-10,t+1,1162.655604396761,1228.3900146484375
2019-10-11,t+1,1167.5781073213436,1228.3900146484375
2019-10-12,t+1,1161.7751884406496,1228.3900146484375
2019-10-13,t+1,1167.67943778136,1226.3299560546875
2019-10-14,t+1,1173.4003053835584,1247.3299560546875
2019-10-15,t+1,1170.626054114138,1254.739990234375
2019-10-16,t+1,1175.3444042772605,1263.324951171875
2019-10-17,t+1,1176.3043468571448,1258.8900146484375
2019-10-18,t+1,1183.6343375741233,1258.8900146484375
2019-10-19,t+1,1188.3281297322135,1258.8900146484375
2019-10-20,t+1,1193.5594438322257,1254.6290283203125
2019-10-21,t+1,1193.7972204043142,1250.5999755859375
2019-10-22,t+1,1201.971249097987,1259.8900146484375
2019-10-23,t+1,1202.2874047235198,1264.0
2019-10-24,t+1,1209.7842521662785,1269.5999755859375
2019-10-25,t+1,1207.772676137254,1269.5999755859375
2019-10-26,t+1,1210.300658814154,1269.5999755859375
2019-10-27,t+1,1211.935717018361,1299.31005859375
2019-10-28,t+1,1212.4485661982178,1281.5899658203125
2019-10-29,t+1,1212.497108423118,1269.3599853515625
2019-10-30,t+1,1216.0591667231308,1267.6700439453125
2019-10-31,t+1,1217.2493119109347,1274.6199951171875
2019-11-01,t+1,1225.8485154113584,1274.6199951171875
2019-11-02,t+1,1221.7919690567467,1274.6199951171875
2019-11-03,t+1,1219.687898859236,1294.1300048828125
2019-11-04,t+1,1234.1827449229056,1298.9300537109375
2019-11-05,t+1,1225.5504913970178,1293.72998046875
2019-11-06,t+1,1228.9523488791563,1323.739990234375
2019-11-07,t+1,1228.2605934850687,1318.0
2019-11-08,t+1,1234.100464130344,1318.0
2019-11-09,t+1,1234.4300463287216,1318.0
2019-11-10,t+1,1236.800582356536,1306.425048828125
2019-11-11,t+1,1250.3090917227635,1310.0
2019-11-12,t+1,1249.1819481460004,1304.300048828125
2019-11-13,t+1,1249.764454844804,1317.0
2019-11-14,t+1,1264.1253794511247,1334.8800048828125
2019-11-15,t+1,1255.8260360775673,1334.8800048828125
2019-11-16,t+1,1264.0732797582057,1334.8800048828125
2019-11-17,t+1,1263.5350692740865,1335.529052734375
2019-11-18,t+1,1262.2353311199001,1327.699951171875
2019-11-19,t+1,1268.766957159263,1315.0
2019-11-20,t+1,1262.7106547500114,1312.5899658203125
2019-11-21,t+1,1268.7225461875457,1308.72998046875
2019-11-22,t+1,1272.9386048178346,1308.72998046875
2019-11-23,t+1,1270.6347426261125,1308.72998046875
2019-11-24,t+1,1271.3059565113178,1311.31005859375
2019-11-25,t+1,1270.9847515763392,1314.800048828125
2019-11-26,t+1,1267.0780779066442,1318.3599853515625
2019-11-27,t+1,1262.7905256448828,1318.3599853515625
2019-11-28,t+1,1262.0680153659885,1310.2049560546875
2019-11-29,t+1,1258.6474524874936,1310.2049560546875
2019-11-30,t+1,1259.2989281630469,1310.2049560546875
2019-12-01,t+1,1258.9502962972144,1305.8299560546875
2019-12-02,t+1,1259.2316805417902,1298.4610595703125
2019-12-03,t+1,1258.2821808518963,1325.800048828125
2019-12-04,t+1,1260.4553347831895,1329.3580322265625
2019-12-05,t+1,1261.5690517871078,1344.0
2019-12-06,t+1,1258.6048776283021,1344.0
2019-12-07,t+1,1260.875001252363,1344.0
2019-12-08,t+1,1265.4583971448408,1359.449951171875
2019-12-09,t+1,1266.3275669117318,1349.9749755859375
2019-12-10,t+1,1266.3385835868864,1351.199951171875
2019-12-11,t+1,1278.640307995545,1355.7750244140625
2019-12-12,t+1,1276.7020617105188,1353.093017578125
2019-12-13,t+1,1291.0944297438434,1353.093017578125
2019-12-14,t+1,1288.3597696507602,1353.093017578125
2019-12-15,t+1,1291.5800815069122,1364.6800537109375
2019-12-16,t+1,1299.8375385634752,1365.0
2019-12-17,t+1,1293.7363661543748,1360.469970703125
2019-12-18,t+1,1298.6867550379427,1358.0999755859375
2019-12-19,t+1,1299.3835597414761,1363.6400146484375
2019-12-20,t+1,1300.3447646487218,1363.6400146484375
2019-12-21,t+1,1301.4831544147053,1363.6400146484375
2019-12-22,t+1,1299.691223346577,1359.800048828125
2019-12-23,t+1,1304.6798263220878,1350.260009765625
2019-12-24,t+1,1304.3109972184718,1350.260009765625
2019-12-25,t+1,1304.2308968095347,1361.3270263671875
2019-12-26,t+1,1303.3782520553757,1364.530029296875
2019-12-27,t+1,1304.135533715227,1364.530029296875
2019-12-28,t+1,1301.45446515649,1364.530029296875
2019-12-29,t+1,1303.661701926543,1353.0
2019-12-30,t+1,1304.34301443064,1338.0
2019-12-31,t+1,1300.2903698151456,1338.0
2020-01-01,t+1,1299.4193639357288,1368.1400146484375
2020-01-02,t+1,1301.8856073289496,1372.5
2020-01-03,t+1,1299.7360933464258,1372.5
2020-01-04,t+1,1299.5729088456972,1372.5
2020-01-05,t+1,1303.0374236677778,1396.5
2020-01-06,t+1,1305.729967929801,1402.989990234375
2020-01-07,t+1,1302.5108036439776,1411.5799560546875
2020-01-08,t+1,1302.4488348462326,1427.3299560546875
2020-01-09,t+1,1315.7401091492536,1434.928955078125
2020-01-10,t+1,1321.028113223499,1434.928955078125
2020-01-11,t+1,1329.7521723756759,1434.928955078125
2020-01-12,t+1,1333.3665598826733,1440.52001953125
2020-01-13,t+1,1348.1776763289085,1441.800048828125
2020-01-14,t+1,1350.213351334834,1441.39501953125
2020-01-15,t+1,1358.1726696200235,1451.989990234375
2020-01-16,t+1,1366.2579911272946,1481.2950439453125
2020-01-17,t+1,1372.3150968357763,1481.2950439453125
2020-01-18,t+1,1376.4773344176533,1481.2950439453125
2020-01-19,t+1,1379.6322347650744,1481.2950439453125
2020-01-20,t+1,1386.4735900361297,1491.8499755859375
2020-01-21,t+1,1393.1032185815561,1503.2139892578125
2020-01-22,t+1,1394.8343284222678,1495.52001953125
2020-01-23,t+1,1399.7019774851428,1495.4949951171875
2020-01-24,t+1,1412.4452869562515,1495.4949951171875
2020-01-25,t+1,1414.2498412979944,1495.4949951171875
2020-01-26,t+1,1422.157748432462,1438.0699462890625
2020-01-27,t+1,1417.6116485756643,1456.0
2020-01-28,t+1,1420.6686611740547,1465.4300537109375
2020-01-29,t+1,1424.7087972729673,1457.280029296875
2020-01-30,t+1,1417.9406569888774,1470.1300048828125
2020-01-31,t+1,1410.861984173865,1470.1300048828125
2020-02-01,t+1,1413.8869795600872,1470.1300048828125
2020-02-02,t+1,1416.943647887379,1490.0
2020-02-03,t+1,1390.8501937553915,1469.5
2020-02-04,t+1,1407.7224612688474,1463.8399658203125
2020-02-05,t+1,1397.9102759310804,1482.0
2020-02-06,t+1,1398.2219560323315,1485.8399658203125
2020-02-07,t+1,1409.9941914913684,1485.8399658203125
2020-02-08,t+1,1402.828762359513,1485.8399658203125
2020-02-09,t+1,1405.3953033994544,1509.5
2020-02-10,t+1,1419.654438517627,1529.6300048828125
2020-02-11,t+1,1410.823196296758,1520.6949462890625
2020-02-12,t+1,1415.5993840044425,1527.1800537109375
2020-02-13,t+1,1422.4386736489064,1520.739990234375
2020-02-14,t+1,1426.7895717928072,1520.739990234375
2020-02-15,t+1,1433.8903927151619,1520.739990234375
2020-02-16,t+1,1433.166620108906,1520.739990234375
2020-02-17,t+1,1443.9897001491477,1531.6300048828125
2020-02-18,t+1,1449.5321205652467,1532.10595703125
2020-02-19,t+1,1448.4540929985483,1529.6400146484375
2020-02-20,t+1,1456.975605987725,1512.2149658203125
