actual,predictions
127.98999786376952,128.08377553636896
127.98999786376952,128.01324534936336
126.47000122070312,128.0906400976383
126.12000274658205,126.3056160578584
126.94000244140624,126.16516884087672
126.69000244140624,127.05158502922791
126.69000244140624,126.70527270383668
126.69000244140624,126.79875038491565
126.69000244140624,126.74667032084761
126.2300033569336,126.79128876358553
126.1500015258789,126.22758897061088
124.63999938964844,126.25014544576398
124.05999755859376,124.47302780554202
123.8499984741211,124.10126022867574
123.8499984741211,123.83691392107579
123.8499984741211,123.92686277451048
125.76000213623048,123.91159301975773
126.37000274658205,126.08361354199064
127.1500015258789,126.32145923766586
128.57000732421878,127.32640915800901
129.6199951171875,128.85924778260133
129.6199951171875,129.65978368346956
129.6199951171875,129.76152406243523
132.97000122070312,129.6593038760957
132.91999816894528,133.25489012201885
125.5,132.83450979693
127.08999633789062,125.14552659872106
125.73999786376952,127.19801864213026
125.73999786376952,125.48453140723639
125.73999786376952,125.75142468618863
123.61000061035156,125.66620312566508
123.91000366210938,123.49749841684259
123.5,123.90955781208376
122.56999969482422,123.46993573179404
122.63999938964844,122.55877401614606
122.63999938964844,122.70139629740962
122.63999938964844,122.70399493276885
122.56999969482422,122.72636020386307
117.6999969482422,122.63926672056593
117.44000244140624,117.31160788603269
116.5,117.46251021899755
116.25,116.27610812487805
116.25,116.2158362726406
116.25,116.16047000695475
119.98999786376952,116.2410901778025
118.18000030517578,120.25248055954266
115.41999816894531,117.88450785358938
116.4000015258789,115.46530196990366
116.30999755859376,116.54477054531753
116.30999755859376,116.3264393145963
116.30999755859376,116.42737655041188
117.6500015258789,116.3620038257049
117.44000244140624,117.95035662755734
116.5199966430664,117.30419405412863
114.3499984741211,116.62685124248873
111.9000015258789,114.08746469170157
111.9000015258789,111.88912316738431
111.9000015258789,111.85858432024851
108.8000030517578,111.93624669238297
111.11000061035156,108.51982517085905
109.88999938964844,111.34302257167862
113.23999786376952,109.66961341093125
113.30999755859376,113.47403282684334
113.30999755859376,113.28999227532731
113.30999755859376,113.44868281155894
114.52999877929688,113.34140785009762
111.87999725341795,114.8035397242084
112.33999633789062,111.5020830118548
112.77999877929688,112.41308891966138
110.4499969482422,112.72351168235141
110.4499969482422,110.32623717205291
110.4499969482422,110.45230376102927
110.4499969482422,110.45145798114065
112.55999755859376,110.51248764036055
114.0199966430664,112.88174126722218
113.27999877929688,114.06147418588381
114.20999908447266,113.33326019727505
114.20999908447266,114.42021030457762
114.20999908447266,114.1852292698697
116.88999938964844,114.34134241293884
116.52999877929688,117.22739971668514
116.54000091552734,116.34473892891636
116.48999786376952,116.65299354937383
114.3000030517578,116.4843311361688
114.3000030517578,114.16882963630052
114.3000030517578,114.32352783180896
115.37000274658205,114.30881862729831
114.18000030517578,115.57251856858981
114.72000122070312,113.97131283541054
115.5,114.78772157341899
116.69000244140624,115.59434320386178
116.69000244140624,116.97475343734736
116.69000244140624,116.59246479593291
114.56999969482422,116.81979185714559
113.51000213623048,114.29940243545707
111.54000091552734,113.53383718350338
109.62000274658205,111.30273653772105
111.01000213623048,109.57683500377503
111.01000213623048,111.22153504886403
111.01000213623048,110.98140692456721
111.37000274658205,111.14087108213074
111.73999786376952,111.46596690160948
111.7699966430664,111.87885730672225
110.19000244140624,111.82342153389015
112.27999877929688,110.0837608869556
112.27999877929688,112.54460365464612
112.27999877929688,112.22844254797066
112.75,112.42069042961204
112.4499969482422,112.8582359449674
111.5199966430664,112.48096264394621
112.0999984741211,111.5183660785692
112.0,112.22047537571825
112.0,112.02573783675211
112.0,112.11008704311409
111.75,112.05824616075002
114.16999816894531,111.82035563036771
115.58000183105469,114.48913508181961
115.5,115.61715101299268
119.2300033569336,115.63816726660095
119.2300033569336,119.54476073424432
119.2300033569336,119.11735819754541
118.12999725341795,119.36270714642775
116.54000091552734,117.97158467829007
119.3000030517578,116.56289678878186
120.69000244140624,119.59295055498004
121.22000122070312,120.78693985599756
121.22000122070312,121.4033583630185
121.22000122070312,121.22498020513514
121.36000061035156,121.34751806582267
123.48999786376952,121.42690406249837
123.81999969482422,123.81307033903506
122.69000244140624,123.75378720882233
121.80999755859376,122.7786431984156
121.80999755859376,121.73292250071458
121.80999755859376,121.88790319690632
121.80999755859376,121.85121415423839
118.06999969482422,121.9051298302492
117.41999816894531,117.72008715944193
116.81999969482422,117.43814993834532
115.56999969482422,116.6553761583666
115.56999969482422,115.53443269748219
115.56999969482422,115.54604199848097
114.23999786376952,115.60346496187294
115.0500030517578,114.14060682835029
117.48999786376952,115.11911252623919
119.75,117.80821466562583
119.91999816894531,119.97638216859667
119.91999816894531,119.91053948070748
119.91999816894531,120.05703810216305
119.7300033569336,119.95439331034162
119.3499984741211,119.82408010270657
119.2300033569336,119.36229717379557
119.2300033569336,119.32464844241652
118.41000366210938,119.29377324393963
118.41000366210938,118.39189696889815
118.41000366210938,118.50237367983867
119.41000366210938,118.46567668873416
118.80999755859376,119.64287167546736
118.11000061035156,118.66087758015077
116.79000091552734,118.19982629379082
119.25,116.62653392958104
119.25,119.49849849465733
119.25,119.21025572831046
119.86000061035156,119.38927575556578
118.5999984741211,119.99839726220839
117.69000244140624,118.44877947254722
116.94000244140624,117.74482330289837
115.38999938964844,116.87150080567058
115.38999938964844,115.35938763313115
115.38999938964844,115.42985477578732
112.68000030517578,115.4478346029801
112.8000030517578,112.43029731299319
111.98999786376952,112.81203533308566
112.25,111.8521469137555
109.5199966430664,112.25590230131942
109.5199966430664,109.25938405075678
109.5199966430664,109.5013864693877
107.37000274658205,109.41083040838821
107.72000122070312,107.25459065693754
108.8499984741211,107.69676847476515
109.0,108.99165348819662
109.0,109.04831945104252
109.0,109.11078776403521
109.0,109.0626465477122
107.69000244140624,109.10008022641331
109.43000030517578,107.5608092994374
108.6999969482422,109.6817808682639
107.02999877929688,108.53368601168916
107.02999877929688,107.09357513511969
107.02999877929688,107.05968419382687
107.02999877929688,107.1208797369181
105.37000274658205,107.09871715095656
105.8499984741211,105.22935744420552
102.37000274658205,105.90006779997051
100.12999725341795,102.03253905256445
99.11000061035156,100.10635412969958
99.11000061035156,98.93590571687047
99.11000061035156,99.07483206813507
99.05999755859376,99.05081647640206
100.69000244140624,99.07021745066105
101.19000244140624,100.99065333090444
100.4800033569336,101.17301274198698
97.70999908447266,100.57935255238766
97.70999908447266,97.41936847958124
97.70999908447266,97.7307313800439
97.70999908447266,97.62036666257474
98.6500015258789,97.7331003188335
98.19000244140624,98.79518714274954
97.87999725341795,98.1384165359168
101.45999908447266,97.97394889079924
101.45999908447266,101.75982969531626
101.45999908447266,101.36542456316513
101.52999877929688,101.59567333718906
100.87999725341795,101.56069743402674
96.62999725341795,100.91992059868956
94.5199966430664,96.29178190224819
97.33999633789062,94.50734705496531
97.33999633789062,97.61933667408601
97.33999633789062,97.27191647269446
96.70999908447266,97.47962556043092
96.04000091552734,96.62506750043949
96.83999633789062,96.11044988703524
97.33000183105469,96.99922637853153
96.91999816894531,97.44723861871877
96.91999816894531,96.9271015055261
96.91999816894531,97.03164445023874
95.6999969482422,96.97327478168475
95.94000244140624,95.63726529457507
96.3499984741211,96.02079071271687
94.72000122070312,96.44587036104728
94.5,94.55384146341375
94.5,94.54478407918546
94.5,94.50417492058803
94.5,94.58056652317757
96.8499984741211,94.56563342445597
98.20999908447266,97.16874956988401
98.88999938964844,98.23754557472016
96.76000213623048,99.09140792820425
96.76000213623048,96.4545472202194
96.76000213623048,96.81055509795074
96.9000015258789,96.6877825927918
96.5,96.95247615461525
96.37999725341795,96.49398282583067
96.76000213623048,96.45825875648339
98.0199966430664,96.87267938273735
98.0199966430664,98.31831872013232
98.0199966430664,97.907962453503
98.2300033569336,98.14788431587068
100.7699966430664,98.28323922068819
100.88999938964844,101.07980309820293
101.70999908447266,100.81029726750187
103.75,101.87044751446145
103.75,104.0904244951954
103.75,103.59918382519177
102.83000183105469,103.87426389446141
101.76000213623048,102.69445372858014
101.58000183105469,101.80174254709284
102.23999786376952,101.59166451008178
102.27999877929688,102.37127696224448
102.27999877929688,102.3247562179724
102.27999877929688,102.38975041163488
102.91000366210938,102.34252468298925
105.18000030517578,103.08094555182828
106.30999755859376,105.52619793531956
106.47000122070312,106.22422442059076
106.5,106.61353664278522
106.5,106.52062924409104
106.5,106.61579104653535
107.6500015258789,106.55383249989875
107.29000091552734,107.91930380801777
107.06999969482422,107.1502671398573
106.25,107.17923327456101
106.25,106.14200971001837
106.25,106.31969420121807
106.25,106.28061958103332
106.19000244140624,106.34292815694563
107.79000091552734,106.24929682872444
110.41999816894531,108.11023982614327
109.9000015258789,110.70831190586011
110.0,109.69666330093946
110.0,110.09164227212382
110.0,109.99476111024536
112.19000244140624,110.09594117079834
110.7300033569336,112.52187478977335
110.9800033569336,110.42932407357543
110.41999816894531,111.0678873168018
109.7699966430664,110.29630473570664
109.7699966430664,109.80581260724279
109.7699966430664,109.79762146515635
110.61000061035156,109.85117318225636
110.5,110.80567783598279
112.33999633789062,110.46994659465736
112.38999938964844,112.63145597327028
112.3000030517578,112.32206455692499
112.3000030517578,112.44057169339327
112.3000030517578,112.32200464641319
108.9499969482422,112.41519210357801
108.0,108.60858743835017
108.08999633789062,108.02046839422954
106.93000030517578,107.99282132658867
106.4800033569336,106.90323122032096
106.4800033569336,106.47381089324298
106.4800033569336,106.53360015919309
105.6500015258789,106.54705789561231
105.3000030517578,105.61747252697522
98.70999908447266,105.36999435228768
97.87999725341795,98.22216850999496
94.72000122070312,97.91727032498737
94.72000122070312,94.32938866284596
94.72000122070312,94.70529460371105
94.08000183105469,94.49235572290314
95.73999786376952,93.99124190903967
95.9000015258789,95.97470387360124
94.06999969482422,95.88832811176844
93.4499969482422,94.01566482254512
93.4499969482422,93.48009460843518
93.4499969482422,93.50531438830939
93.7699966430664,93.52872411046442
93.56999969482422,93.8908801071944
93.56999969482422,93.59635222391891
92.77999877929688,93.6812143561405
91.66999816894531,92.71028887522257
91.66999816894531,91.70275945621393
91.66999816894531,91.7263208875284
94.38999938964844,91.74941942839149
94.6999969482422,94.70605360737605
95.20999908447266,94.6390814858378
94.63999938964844,95.36948442889637
95.43000030517578,94.54861367511589
95.43000030517578,95.5428807600874
95.43000030517578,95.45172080337169
97.19000244140624,95.53671017681546
98.08999633789062,97.52279611955161
99.73999786376952,98.01746550718086
100.7300033569336,100.0136183062942
100.47000122070312,100.80429507958833
100.47000122070312,100.55773410728682
100.47000122070312,100.55310132128656
100.47000122070312,100.55638083297025
100.4000015258789,100.55374698603698
99.54000091552734,100.47597749574922
97.83999633789062,99.50341180223127
98.2699966430664,97.78596708299786
98.2699966430664,98.32783659896522
98.2699966430664,98.31483399002431
101.88999938964844,98.35856804996665
99.87000274658205,102.1866007096801
99.55999755859376,99.53857997034105
99.98999786376952,99.63677683720658
99.3499984741211,99.98029020400335
99.3499984741211,99.38332039111617
99.3499984741211,99.42311500718073
99.12000274658205,99.42600081955344
98.4800033569336,99.17422829666945
98.41000366210938,98.49244999026014
97.75,98.49819158343963
96.6500015258789,97.71698929934504
96.6500015258789,96.66220905698586
96.6500015258789,96.71655328620203
96.56999969482422,96.72140155431786
96.3499984741211,96.64525482098149
96.88999938964844,96.40630521634667
96.29000091552734,97.04144743397565
94.66000366210938,96.21581005383877
94.66000366210938,94.6596587042387
94.66000366210938,94.71263276871058
93.0500030517578,94.72908256160474
93.66000366210938,92.90737631012213
94.5500030517578,93.71055343120761
95.7699966430664,94.68334043100249
96.47000122070312,96.05667693652273
96.47000122070312,96.47462061786446
96.47000122070312,96.61910032318242
96.47000122070312,96.49800041415578
95.4000015258789,96.5873844980533
95.66000366210938,95.28277266208632
96.5,95.73411002722317
96.88999938964844,96.65331853665914
96.88999938964844,96.99209012010397
96.88999938964844,96.9765950271743
97.6500015258789,96.97802707049733
97.6999969482422,97.84273953889102
97.66999816894531,97.70384804952414
98.98999786376952,97.79758309242413
99.3000030517578,99.29247511852927
99.3000030517578,99.23254157492721
99.3000030517578,99.44356737965424
100.12999725341795,99.31977742824775
100.0,100.3167583468153
100.45999908447266,99.97090051302558
101.0,100.60153191120692
99.3000030517578,101.12273939757361
99.3000030517578,99.10891662644033
99.3000030517578,99.34769580831852
98.83999633789062,99.2895193066444
97.97000122070312,98.88419387544639
104.3499984741211,97.93385809418331
104.4499969482422,104.58159777128027
104.5500030517578,104.4320447991328
104.5500030517578,104.69300027857565
104.5500030517578,104.57827266427016
106.1500015258789,104.66561424504454
106.06999969482422,106.47776723500488
105.83999633789062,105.92422622013785
106.0,105.96283010990118
107.6500015258789,106.03962474900425
107.6500015258789,107.9655848252342
107.6500015258789,107.54379743505933
108.37000274658205,107.7856521386202
108.94000244140624,108.52187151490459
108.9000015258789,109.08564534508047
108.93000030517578,108.9414735312855
108.44000244140624,109.04803832174147
108.44000244140624,108.41527130919461
108.44000244140624,108.54628105737211
109.54000091552734,108.48846897826759
110.2300033569336,109.79441929976701
109.37000274658205,110.29058703365394
109.5999984741211,109.37889491855636
109.69000244140624,109.71361096017023
109.69000244140624,109.75517577061103
109.69000244140624,109.78918874690008
109.0999984741211,109.76303865551428
109.31999969482422,109.10975507831517
108.75,109.4343757076908
107.87999725341795,108.707814524985
107.9499969482422,107.92575399603456
107.9499969482422,108.02209337895172
107.9499969482422,108.02909911770206
107.44000244140624,108.03426111060952
106.5,107.44836836064226
106.56999969482422,106.50694700408074
106.8000030517578,106.65443250976828
108.0,106.89529219905644
108.0,108.28886510671265
108.0,107.89873175581992
108.0,108.12951222726117
108.3000030517578,108.02003252846252
108.76000213623048,108.43433655556893
107.2699966430664,108.87948162826395
105.72000122070312,107.10717697779482
105.72000122070312,105.74471496763945
105.72000122070312,105.73977730610693
105.72000122070312,105.79610537236061
108.79000091552734,105.79133613819913
113.02999877929688,109.09400551536467
115.7300033569336,113.41178624956714
116.12999725341795,115.91910807335005
116.12999725341795,116.21837730170763
116.12999725341795,116.23251498713373
116.18000030517578,116.2060622590253
114.12000274658205,116.27956711557589
113.98999786376952,113.90320304945818
114.94000244140624,114.0217230855779
114.79000091552734,115.05012532534559
114.79000091552734,114.81849251462586
114.79000091552734,114.89737087832984
113.38999938964844,114.85037154765267
113.18000030517578,113.29467246933467
114.63999938964844,113.23953852403334
113.8000030517578,114.9480505385464
113.37000274658205,113.57307185345807
113.37000274658205,113.46449962021762
113.37000274658205,113.36297296808777
113.0500030517578,113.46655360220791
114.30999755859376,113.05846200744395
113.66000366210938,114.57415962654139
114.33999633789062,113.48534533045422
114.55999755859376,114.43823348083079
114.55999755859376,114.58989718348947
114.55999755859376,114.65972821276648
116.75,114.62469102743509
118.69000244140624,117.07134323989895
117.9800033569336,118.84217549575199
117.44000244140624,117.90957364244301
118.16999816894531,117.52505779115029
118.16999816894531,118.3245602716252
118.16999816894531,118.2011314839293
117.83999633789062,118.28862672785378
118.20999908447266,117.83954786488094
117.76000213623048,118.34163383574219
117.37999725341795,117.72065427956775
116.91000366210938,117.46701014412184
116.91000366210938,116.89618507094632
116.91000366210938,117.0079034071643
117.73999786376952,116.96474526444145
118.36000061035156,117.9365010246927
115.6999969482422,118.47441004639396
115.86000061035156,115.42737935526627
115.20999908447266,115.8908578231437
115.20999908447266,115.07933203741482
115.20999908447266,115.22519954638257
114.2300033569336,115.21495260741284
113.7699966430664,114.2037785280259
112.3499984741211,113.80945803845162
111.45999908447266,112.2392369352326
110.25,111.4819276992329
110.25,110.15194774624798
110.25,110.29026775102842
110.51000213623048,110.28040383396987
111.72000122070312,110.6150811211588
111.31999969482422,112.00841053756774
111.08999633789062,111.15373160034432
108.87000274658205,111.19535076264107
108.87000274658205,108.59369575429561
108.87000274658205,108.88839157810293
107.80999755859376,108.78822592352051
107.68000030517578,107.79191314749974
110.2300033569336,107.70412716605016
110.3499984741211,110.52834967673107
110.54000091552734,110.28383672563935
110.54000091552734,110.68846607720016
110.54000091552734,110.55594230420004
111.98999786376952,110.65756252929948
112.41999816894531,112.30795271165108
111.51000213623048,112.35338616802635
111.51000213623048,111.61422031872505
111.87000274658205,111.55660427456127
111.87000274658205,112.0072306603248
111.87000274658205,111.91178784090535
112.47000122070312,111.98230746311401
112.02999877929688,112.62582908541289
112.1999969482422,111.98494844928693
110.94000244140624,112.3179140359691
110.08999633789062,110.78172891092885
110.08999633789062,110.13457582431863
110.08999633789062,110.10771581832007
110.02999877929688,110.17316556337748
110.36000061035156,110.09025618594319
111.19000244140624,110.49033433502761
112.43000030517578,111.39261144558546
114.6999969482422,112.66646446943584
114.6999969482422,115.0281026384953
114.6999969482422,114.5435812588352
115.0,114.81809083569333
115.91999816894531,115.05769008812719
116.1999969482422,116.13833239978786
116.7300033569336,116.22251948343076
116.5,116.90300699161584
116.5,116.46600960154753
116.5,116.61951127915607
117.37999725341795,116.53994913794828
117.5,117.58252731637458
117.4000015258789,117.5053979730187
116.51000213623048,117.52452537395853
116.5199966430664,116.40993259577037
116.5199966430664,116.60154550027296
116.5199966430664,116.5530151682374
116.5199966430664,116.61674035425838
117.8000030517578,116.58688426457704
118.0199966430664,118.09648914595391
117.11000061035156,117.95450494778798
117.1999969482422,117.20975129458445
117.1999969482422,117.26194938548305
117.1999969482422,117.29658598285842
117.1999969482422,117.27371185285465
116.33000183105469,117.29253160458777
116.51000213623048,116.27422609268795
116.86000061035156,116.60467661768135
118.16000366210938,116.95220405534502
118.16000366210938,118.46409222393173
118.16000366210938,118.04708703711735
119.43000030517578,118.28931401232893
119.37999725341795,119.72113736650441
119.93000030517578,119.26355274134664
119.3000030517578,120.05694382294143
119.62000274658205,119.21011638586862
119.62000274658205,119.70831906165779
119.62000274658205,119.65215388536433
119.62000274658205,119.71891362550114
120.23999786376952,119.68563183914009
120.5,120.40782250913742
120.08999633789062,120.56640214425198
120.4499969482422,120.145318454288
120.4499969482422,120.58167852905056
120.4499969482422,120.4974311819033
120.80999755859376,120.55967978686164
120.0999984741211,120.92855950960373
122.0999984741211,120.04874613801995
122.44000244140624,122.38249341231939
122.3499984741211,122.43118074087558
122.3499984741211,122.49526599963065
122.3499984741211,122.3792465656707
121.62999725341795,122.46618544552967
121.38999938964844,121.56747313342981
130.49000549316406,121.47624145422063
129.38999938964844,130.71759859282562
129.19000244140622,129.17943608885136
129.19000244140622,129.264463531997
129.19000244140622,129.18284983307208
130.5,129.27903570546107
132.08999633789062,130.80135920117624
132.22000122070312,132.20977029962813
132.44999694824222,132.33048553992467
132.94000244140622,132.561836495771
132.94000244140622,133.08890523737318
132.94000244140622,132.98079149064745
133.82000732421878,133.05566094113797
135.08999633789062,134.03478251011066
136.27000427246094,135.31462248488944
135.89999389648438,136.46341011311415
135.83000183105472,135.8314486503267
135.83000183105472,135.94396738665654
135.83000183105472,135.86494904436077
135.83000183105472,135.93658365338115
136.75,135.89223858387186
137.1199951171875,136.97034246958034
137.47999572753906,137.15877901433382
136.66000366210938,137.64317141183827
136.66000366210938,136.53838522122834
136.66000366210938,136.74533209363938
137.44000244140622,136.68550152231387
137.44000244140622,137.60764746535492
140.14999389648438,137.45235834332925
140.27999877929688,140.44030171067246
139.83000183105472,140.22364471268492
139.83000183105472,139.9574610036432
139.83000183105472,139.86417664178916
139.77000427246094,139.94060830449902
139.97999572753906,139.8202350178098
139.80000305175778,140.10560821336315
138.78999328613278,139.82140705645665
139.36000061035156,138.78841377709318
139.36000061035156,139.47725583838852
139.36000061035156,139.40402484549517
139.42999267578122,139.4663653873699
139.64999389648438,139.50514792983293
140.75,139.7714480848533
141.02000427246094,141.01894713274527
141.0,140.98326106547447
141.0,141.1425245531658
141.0,141.0260444874352
141.5,141.11561555167947
142.8000030517578,141.6349623377471
141.60000610351562,143.0998898845428
141.5800018310547,141.32242603663767
141.74000549316406,141.66026967848055
141.74000549316406,141.72154890977478
141.74000549316406,141.82568931254076
141.22000122070312,141.79772301664482
144.0399932861328,141.24752834326017
144.49000549316406,144.33322690657698
144.5,144.47924583132234
144.27000427246094,144.6530426927915
144.27000427246094,144.25139144930338
144.27000427246094,144.38695987093377
144.1199951171875,144.31471284149893
144.88999938964844,144.20981185863562
145.4600067138672,145.07791023764383
144.52000427246094,145.573404347052
144.17999267578125,144.44870470756632
144.17999267578125,144.26149475643857
144.17999267578125,144.2263296012783
143.8800048828125,144.27563913179875
143.35000610351562,143.90495389022408
142.14999389648438,143.39968378340018
142.3800048828125,142.07577182393484
142.3800048828125,142.45172356407377
142.3800048828125,142.41998692728822
142.3800048828125,142.47331175626616
141.8800048828125,142.4501862304609
142.0399932861328,141.90390207361202
142.0,142.15157637073176
142.9199981689453,142.04944541332043
142.67999267578125,143.13485012348713
142.67999267578125,142.6063437649932
142.67999267578125,142.79948360693967
143.9499969482422,142.71079492513448
144.89999389648438,144.230622215447
144.60000610351562,144.94991878599382
144.16000366210938,144.70140440591888
144.3000030517578,144.16143879635197
144.3000030517578,144.4149377271128
144.3000030517578,144.34917956946887
147.1999969482422,144.40474711606362
148.08999633789062,147.52223128736563
147.49000549316406,148.044162583477
147.13999938964844,147.60942198721398
148.97999572753906,147.1241948551122
148.97999572753906,149.27638357905911
148.97999572753906,148.8982756563147
153.6999969482422,149.11969962564098
154.8800048828125,153.9877007088868
153.94000244140625,154.9482137199455
154.07000732421875,153.93179568491865
156.4199981689453,154.17576894737496
156.4199981689453,156.75320527177178
156.4199981689453,156.29230614221336
156.64999389648438,156.55188907183089
156.05999755859375,156.70192323597686
154.57000732421875,156.09170310802162
153.33999633789062,154.47960292366582
153.97999572753906,153.34204355473912
153.97999572753906,154.06336290883883
153.97999572753906,154.03800074597078
154.5800018310547,154.07399587687826
154.89999389648438,154.73974045903358
154.1699981689453,154.98764323175226
154.35000610351562,154.155694617172
154.24000549316406,154.46052068640944
154.24000549316406,154.2701185998188
154.24000549316406,154.34700985437885
154.24000549316406,154.30093762934388
154.42999267578125,154.33962803535195
154.1699981689453,154.52985657224576
153.3300018310547,154.2083276142304
155.4499969482422,153.33258118248455
155.4499969482422,155.74960267132028
155.4499969482422,155.3648045230154
154.4499969482422,155.58932648822878
155.80999755859375,154.30595750447915
155.97999572753906,155.99183433058462
155.5399932861328,155.9935590897097
155.19000244140625,155.6252386829954
155.19000244140625,155.2098399682248
155.19000244140625,155.29159704369812
146.08999633789062,155.2514043169403
147.4499969482422,145.50508763927613
147.5,147.53859181627772
144.47999572753906,147.24856753399771
144.5,144.39352760473668
144.5,144.41267312811
144.5,144.45778789772248
146.74000549316406,144.49283727065662
146.8699951171875,147.03365052468538
146.07000732421875,146.81260603165944
146.6999969482422,146.17625197386565
147.16000366210938,146.84616544228498
147.16000366210938,147.28497665646879
147.16000366210938,147.22727259661733
148.27999877929688,147.2620463575132
146.16000366210938,148.55349681589828
146.11000061035156,145.81484874292377
145.1300048828125,146.1788064015662
144.9600067138672,144.93839534438922
144.9600067138672,144.9682445308004
144.9600067138672,144.9292127526888
145.3000030517578,145.01149025204694
145.3000030517578,145.39341838162855
144.7899932861328,145.37011727485933
143.5,144.81249167132157
144.75,143.4476260070241
144.75,144.95693752402738
144.75,144.72445677602346
145.9499969482422,144.88015909752448
145.85000610351562,146.23220146381541
146.17999267578125,145.73310315211742
148.49000549316406,146.30305403140204
149.3300018310547,148.82882935869668
149.3300018310547,149.24315745575962
149.3300018310547,149.47183359848856
150.89999389648438,149.3471044598163
150.1300048828125,151.2052059698167
151.4199981689453,149.92245758977924
151.74000549316406,151.5742887000422
150.44000244140625,151.77716390853587
150.44000244140625,150.38853486164265
150.44000244140625,150.5146295086001
152.44000244140625,150.49004719333925
153.83999633789062,152.75892774040412
153.92999267578125,153.87557289515735
153.99000549316406,154.08499594980955
150.22999572753906,154.02813634676133
150.22999572753906,149.9372630261213
150.22999572753906,150.23760251809256
150.3300018310547,150.12482644367728
150.22000122070312,150.3370503366705
159.75,150.2242553872038
157.2100067138672,159.97415994469887
157.39999389648438,156.86095557705139
157.39999389648438,157.45762896818306
157.39999389648438,157.302486084143
158.9199981689453,157.43779206826875
161.8300018310547,159.2244991486468
161.27000427246094,162.17003725027973
160.0,161.0170228151388
158.57000732421875,160.09246243155187
158.57000732421875,158.3691645639318
158.57000732421875,158.5950724185465
160.2100067138672,158.54188104381865
162.1999969482422,160.49581010930572
162.50999450683594,162.43354668575788
160.7100067138672,162.5188308277959
159.5,160.63788999670302
159.5,159.4960650512656
159.5,159.54556677498246
157.88999938964844,159.56797888886288
160.0,157.7468011819178
160.47000122070312,160.25517027984495
160.74000549316406,160.51252579782323
160.55999755859375,160.90289342418814
160.55999755859375,160.5474149493182
160.55999755859375,160.68090429839353
162.0,160.60384316587272
163.1199951171875,162.307427170132
163.88999938964844,163.13145778705555
164.52000427246094,164.09256329969747
164.94000244140625,164.62940996234437
164.94000244140625,165.09250339525553
164.94000244140625,164.97739666039647
164.94000244140625,165.057217933884
164.25,164.996392814432
162.99000549316406,164.26245390614602
162.24000549316406,162.9468262516188
161.14999389648438,162.26396615222964
161.14999389648438,161.08892773172252
161.14999389648438,161.21054405729717
162.0500030517578,161.1976773666217
163.9600067138672,162.24857217031573
159.9600067138672,164.2815480553004
159.39999389648438,159.46201771950842
160.97000122070312,159.48887416638254
160.97000122070312,161.2842747766795
160.97000122070312,160.85201942800853
160.5,161.10028979825944
159.77000427246094,160.43754344172277
158.25999450683594,159.833252755275
155.8000030517578,158.11319422661796
152.27000427246094,155.73646778465812
152.27000427246094,152.01982564583366
152.27000427246094,152.23027775227976
151.8300018310547,152.14514750604508
153.9199981689453,151.7840280516834
154.72000122070312,154.20231590999757
154.27999877929688,154.76059446020932
154.1300048828125,154.3710338968455
154.1300048828125,154.18300182981102
154.1300048828125,154.22871339453638
154.4499969482422,154.20056468202105
155.08999633789062,154.5825908506007
153.86000061035156,155.2521336450593
155.44000244140625,153.68859053977698
155.49000549316406,155.65916650227467
155.49000549316406,155.46486901718188
155.49000549316406,155.62348239396545
156.72999572753906,155.5238186367869
158.0,157.008089735632
156.97999572753906,158.10646104583267
157.3699951171875,156.91362567702947
157.27999877929688,157.47074311825233
157.27999877929688,157.30242916561073
157.27999877929688,157.38384811459215
160.0,157.34087224276738
160.8699951171875,160.30855722585474
160.7100067138672,160.8561555421519
157.0800018310547,160.85288931760593
157.75,156.69929525073294
157.75,157.79342557214815
157.75,157.60194508556336
157.69000244140625,157.74947307592132
157.4199981689453,157.6718795333844
157.5500030517578,157.45800346373946
157.8300018310547,157.62808021733167
163.60000610351562,157.94022985956255
163.60000610351562,163.85702165265377
163.60000610351562,163.54073806057067
168.07000732421875,163.7359199618526
169.64999389648438,168.36284252927956
169.94000244140625,169.7871006760537
168.5,170.06080062543347
174.25999450683594,168.3434689522835
174.25999450683594,174.4874316184297
174.25999450683594,174.2260098577526
174.99000549316406,174.39442283549542
175.25,175.1566482060132
176.24000549316406,175.32403738593172
176.10000610351562,176.48800473327267
175.3800048828125,176.012812023506
175.3800048828125,175.48173487347404
175.3800048828125,175.42037401614945
174.5,175.48241095424177
173.47999572753906,174.42694971246524
170.32000732421875,173.5178817030528
171.8699951171875,170.03510558148398
171.38999938964844,172.00461612919696
171.38999938964844,171.26903727767024
171.38999938964844,171.45887245113127
170.55999755859375,171.41567169154098
173.6999969482422,170.56037030480366
175.0,173.9766689147948
175.0,175.11633116929545
175.5,175.0903339594635
175.5,175.65741237229372
175.5,175.53012766554104
175.0800018310547,175.61953129596884
174.8699951171875,175.06364019059885
172.9199981689453,174.96556208883925
172.13999938964844,172.70416611449016
171.6699981689453,172.16459755306957
171.6699981689453,171.60525934957934
171.6699981689453,171.7186860565179
172.6199951171875,171.71563653284653
171.52000427246094,172.8263114973913
170.1999969482422,171.32134897490917
170.44000244140625,170.2603216251567
171.0,170.47750175197538
171.0,171.13765096265578
171.0,171.0388115312108
172.88999938964844,171.11291129484553
172.38999938964844,173.22574373940898
173.5399932861328,172.18462050959738
173.1300048828125,173.67510111338774
174.1699981689453,173.04540201962132
174.1699981689453,174.31145392233958
174.1699981689453,174.1806808984744
177.1999969482422,174.28519854728765
175.38999938964844,177.5235031167021
175.4199981689453,175.0625003326282
176.02000427246094,175.50393015290075
175.4199981689453,176.04236322882477
175.4199981689453,175.4488418970315
175.4199981689453,175.50372722931496
175.4199981689453,175.49132766825704
171.47000122070312,175.51015842857484
170.77999877929688,171.11478034844862
171.85000610351562,170.79803810481414
170.58999633789062,171.92790071999613
170.58999633789062,170.46948601504738
170.58999633789062,170.64548664320594
170.58999633789062,170.61415153494139
172.3000030517578,170.6778117027512
174.5500030517578,172.629032350341
173.47000122070312,174.75323680305186
175.3699951171875,173.28269933748197
175.3699951171875,175.61344905708776
175.3699951171875,175.33121228838615
175.61000061035156,175.50802061679843
175.05999755859375,175.68019965651874
174.3000030517578,175.08517839540545
175.49000549316406,174.3159207938317
177.36000061035156,175.73685935031475
177.36000061035156,177.63259585027933
177.36000061035156,177.260798350301
177.36000061035156,177.48520063193067
179.38999938964844,177.38232489828454
179.25,179.69853942038537
180.10000610351562,179.13278809287212
179.5800018310547,180.24171128547334
179.5800018310547,179.49702598633573
179.5800018310547,179.67184711949605
177.77999877929688,179.61714731696966
179.44000244140625,177.65089662043204
177.3000030517578,179.68297689187008
174.9499969482422,176.98048003888286
172.0,175.0010024012093
172.0,171.67669040493
172.0,171.9948578162237
170.16000366210938,171.85377616689726
167.3699951171875,170.07523973709837
168.44000244140625,167.17036751388423
168.6199951171875,168.43127116758905
166.8000030517578,168.5501187993461
166.8000030517578,166.70239069098068
166.8000030517578,166.8014078097253
163.8800048828125,166.81505327496905
163.72000122070312,163.63715874191578
163.39999389648438,163.71416712552292
161.0,163.3027613914912
157.88999938964844,160.8720610683332
157.88999938964844,157.715209882295
157.88999938964844,157.83220146303773
163.88999938964844,157.80872360953384
164.75,164.12041993366347
167.5399932861328,164.87924835241427
173.08999633789062,167.87467869218318
174.82000732421875,173.44929073945394
174.82000732421875,174.8265652788239
174.82000732421875,174.9780910943263
174.82000732421875,174.84117814828326
174.25999450683594,174.9403579649009
174.1199951171875,174.21813793812643
173.9499969482422,174.2163604563037
175.64999389648438,173.97379143199376
175.64999389648438,175.96059564568986
175.64999389648438,175.55088492458444
179.38999938964844,175.7870700878203
180.47999572753903,179.70397384595648
180.6199951171875,180.47088843968223
179.77999877929688,180.77992588537322
176.3000030517578,179.65372795951941
176.3000030517578,176.16524836222226
176.3000030517578,176.27644781125318
177.74000549316406,176.27726098930444
178.25,178.00488560962452
175.85000610351562,178.27592932783662
177.1199951171875,175.69458025941017
180.0,177.24842952982533
180.0,180.33254987310082
180.0,179.8713527301604
182.38999938964844,180.13128864984625
183.5,182.7306192044253
180.5200042724609,183.42666317132668
180.2400054931641,180.4127625132464
179.1199951171875,180.2507779605421
179.1199951171875,179.0296879260139
179.1199951171875,179.15765544983427
177.47000122070312,179.15310059825464
176.8000030517578,177.34898664904352
175.08999633789062,176.8273339406632
172.67999267578125,174.92499392595624
169.9199981689453,172.61253604749697
169.9199981689453,169.7152011144516
169.9199981689453,169.8792051540392
173.10000610351562,169.83201510062642
175.14999389648438,173.3535301561666
170.02000427246094,175.4392596838848
171.75,169.46764839584176
171.75,171.8985250332713
171.75,171.61375460767948
171.75,171.809770260216
168.94000244140625,171.7683766969077
168.75,168.71630265350154
172.00999450683594,168.7507632131567
174.22999572753906,172.28427614005716
172.47999572753906,174.51765386415772
172.47999572753906,172.14483861682612
172.47999572753906,172.55091540546096
173.08999633789062,172.4061130797261
174.0,173.162635302386
173.9199981689453,174.1810775505766
175.0,173.9093621847767
175.83999633789062,175.22074868767893
175.83999633789062,175.97445075729317
175.83999633789062,175.90734307434525
176.19000244140625,175.9443156907354
178.94000244140625,176.31289287252218
178.82000732421875,179.27296065218874
175.38999938964844,178.6738090320922
171.22000122070312,175.3140172153036
171.22000122070312,170.9508752699357
171.22000122070312,171.18024298626
166.9199981689453,171.07798690610562
166.3300018310547,166.68058066564984
165.4199981689453,166.25130449727044
165.72999572753906,165.24815599486368
164.3300018310547,165.66019052171023
164.3300018310547,164.1679741480035
164.3300018310547,164.27968054831922
167.25999450683594,164.26566175825693
169.1999969482422,167.5226115046924
177.75,169.46166442586534
177.5,177.99792395516687
184.25,177.39792851331438
184.25,184.47678216041993
184.25,184.21537338218923
187.6699981689453,184.3840638862188
186.22000122070312,187.99163547450277
187.3999938964844,185.9230693072529
190.3699951171875,187.50815468898398
190.05999755859372,190.69197068171084
190.05999755859372,189.89764375118983
190.05999755859372,190.1769799565452
189.52999877929688,190.06838560097822
187.07000732421875,189.58942289834738
188.4600067138672,186.83844621460332
188.91000366210938,188.57803417225963
187.80999755859372,188.95420158383956
187.80999755859372,187.76999875147024
187.80999755859372,187.89001622253292
189.2700042724609,187.86275475425035
188.8800048828125,189.58093402714908
188.5,188.7122626447905
188.83999633789062,188.61178894910626
189.6499938964844,188.90425289442078
189.6499938964844,189.8476067518853
189.6499938964844,189.63802408517404
189.6499938964844,189.779920853295
188.75,189.68856028466382
188.0,188.7498198927039
188.22999572753903,188.02206410910907
190.25999450683597,188.32480085479241
190.25999450683597,190.59263048799968
190.25999450683597,190.13265096605826
193.4199981689453,190.39186219366306
193.94000244140625,193.7475080443927
194.0800018310547,193.8776513323876
194.1999969482422,194.23343544120436
192.0,194.2355521242145
192.0,191.8386814764601
192.0,192.02848410107336
191.97000122070312,191.9956704643792
192.6100006103516,192.03966957625494
192.8800048828125,192.75524698639614
191.57000732421875,192.9658017024625
190.16000366210938,191.46791196572863
190.16000366210938,190.17205385391432
190.16000366210938,190.20123517431998
189.22000122070312,190.23352045194017
186.3300018310547,189.16297259677378
187.1999969482422,186.16897981069383
188.3500061035156,187.21131624156183
186.1499938964844,188.52562376702926
186.1499938964844,185.85215400662935
186.1499938964844,186.19307112839962
184.9199981689453,186.07631401328848
186.52999877929688,184.9020307588377
187.27999877929688,186.81703358627186
186.2100067138672,187.30490014907858
187.19000244140625,186.2297823091174
187.19000244140625,187.38677941272206
187.19000244140625,187.1762242812906
187.3000030517578,187.31938065140307
187.9499969482422,187.3571658141078
187.9499969482422,188.12577052033927
186.41000366210938,187.95888137049084
188.42999267578125,186.36028367860087
188.42999267578125,188.71249146897128
188.42999267578125,188.36242871710843
190.67999267578125,188.57074602583535
191.27999877929688,191.02289528154262
189.77999877929688,191.1878023772232
191.41000366210938,189.85035493956036
191.83999633789062,191.7326500481849
191.83999633789062,191.77950026149475
191.83999633789062,191.99040892613775
192.6499938964844,191.85678905711015
191.8699951171875,192.8335626990421
191.8000030517578,191.73335370726198
192.5500030517578,191.88513499793567
192.42999267578125,192.68553980314516
192.42999267578125,192.45631129154654
192.42999267578125,192.54474474242963
191.9600067138672,192.48563936658618
193.66000366210938,192.0034989733982
194.8500061035156,193.97731065942045
195.9600067138672,194.84875253336517
195.19000244140625,196.20723311424018
195.19000244140625,195.00848916609002
195.19000244140625,195.27906143190083
192.1999969482422,195.19405577740946
192.13999938964844,191.9787584202179
201.75999450683597,192.1382087966282
208.3800048828125,201.98391050076893
208.7400054931641,208.65130055336016
208.7400054931641,208.72616620957115
208.7400054931641,208.88722663840477
209.25,208.7665446250548
209.5,209.4067300255085
207.80999755859372,209.56872674401288
209.77999877929688,207.67653059526776
209.1000061035156,210.0372327779669
209.1000061035156,208.941526072656
209.1000061035156,209.2014293640097
210.9499969482422,209.11187639570605
210.55999755859372,211.25663226862773
210.7400054931641,210.40666474979693
213.80999755859372,210.8566503077668
217.9499969482422,214.13312837538373
217.9499969482422,218.33982243396827
217.9499969482422,217.73426854139998
219.17999267578125,218.0638369582883
217.19000244140625,219.45833439690009
216.3600006103516,216.8523877800833
217.0500030517578,216.4284510799565
216.8999938964844,217.08241582657737
216.8999938964844,216.96999751709097
216.8999938964844,216.97803811578865
218.7400054931641,216.98414517780495
220.5399932861328,219.07000762739455
223.4900054931641,220.63931185361128
228.25999450683597,223.80872739167
228.8699951171875,228.63706622267551
228.8699951171875,228.70007463661676
228.8699951171875,228.99115889617872
228.8699951171875,228.87540525131416
229.17999267578125,228.97817016388333
229.6699981689453,229.28213976065211
227.3500061035156,229.82037241923334
225.3699951171875,227.06825220661264
225.3699951171875,225.3937753467428
225.3699951171875,225.33301687493147
221.8500061035156,225.42570931671375
224.3000030517578,221.52936098335448
225.0,224.53002461075152
228.3500061035156,225.1042157714688
226.83999633789062,228.6603590136667
226.83999633789062,226.54589809506916
226.83999633789062,226.92315291211594
222.9499969482422,226.79489232943902
221.8500061035156,222.70093698457856
219.6199951171875,221.81663361652252
222.27999877929688,219.38729621537107
221.3600006103516,222.5172140973081
221.3600006103516,221.177194309868
221.3600006103516,221.44673615360858
221.25999450683597,221.36339241122602
222.82000732421875,221.34877648106848
223.75,223.14410989036972
226.44000244140625,223.69961894502148
225.83999633789062,226.71062584643573
225.83999633789062,225.68339380723452
225.83999633789062,225.9459087163939
229.4199981689453,225.8519475849076
230.0,229.6911008647003
233.47000122070312,230.0342674762575
232.3500061035156,233.7504111912559
228.41000366210938,232.11562308695753
228.41000366210938,228.3555587304785
228.41000366210938,228.38532075041297
224.8000030517578,228.43320340409417
227.2700042724609,224.49805450905768
226.3500061035156,227.50144627006026
219.5,226.1683195257872
222.8800048828125,219.24096670904837
222.8800048828125,223.11100299997128
222.8800048828125,222.84780423382375
221.8300018310547,223.01595529071034
222.9900054931641,221.68993461847032
222.63999938964844,223.11972827451015
219.7400054931641,222.5831692116856
221.25999450683597,219.58753633499083
221.25999450683597,221.4565108091743
221.25999450683597,221.23393738994002
223.3600006103516,221.38676431814395
223.25,223.69968847093998
224.22999572753903,223.09400576319504
221.3800048828125,224.3678869979273
220.19000244140625,221.03257978416175
220.19000244140625,220.21033695746908
220.19000244140625,220.08806120310132
219.69000244140625,220.20493296116265
215.17999267578125,219.6649318314685
220.4499969482422,214.87146441728385
222.3600006103516,220.6740084691354
213.6499938964844,222.66271512594312
213.6499938964844,212.89725178700368
213.6499938964844,213.78046344669414
204.38999938964844,213.40268370164853
204.72000122070312,204.07440232155648
210.05999755859372,204.67651943516702
210.1199951171875,210.29739286895122
206.00999450683597,210.09179274375458
206.00999450683597,205.76147832221326
206.00999450683597,206.00205336060395
199.8500061035156,205.92205160461657
197.17999267578125,199.50440607188176
194.47999572753903,197.11796175628263
191.97000122070312,194.20571489771487
194.97000122070312,191.8602779860845
194.97000122070312,195.22172148165242
194.97000122070312,194.9260352958952
190.6999969482422,195.10908326624585
181.47000122070312,190.28049320116176
180.2700042724609,181.29657971876873
180.2700042724609,180.12260422971372
176.60000610351562,180.14330585329049
176.60000610351562,176.3450286877902
176.60000610351562,176.521012054594
174.9499969482422,176.4226754279994
174.77000427246094,174.8110408741015
181.2899932861328,174.65623043507904
182.8000030517578,181.51695855203667
180.3300018310547,183.045982103979
180.3300018310547,179.96751820735318
180.3300018310547,180.39169548044802
184.94000244140625,180.231910312026
182.38999938964844,185.17711477417427
182.38999938964844,182.0410367984161
174.77999877929688,182.45128013100907
174.49000549316406,174.19347162002686
174.49000549316406,174.5456229602172
174.49000549316406,174.20845528819575
170.08999633789062,174.44090781924984
171.7899932861328,169.732239225504
171.9199981689453,171.88758081659904
172.57000732421875,171.83976543566774
169.0800018310547,172.64948243432272
169.0800018310547,168.73468317407563
169.0800018310547,169.09343469314413
168.35000610351562,168.93941759916586
167.52999877929688,168.3235518297388
167.4499969482422,167.4632810111819
162.11000061035156,167.47496166706338
158.16000366210938,161.70812077272146
158.16000366210938,158.1184213674513
158.16000366210938,158.01725594526903
151.5500030517578,158.10850685859396
151.5500030517578,151.13403370947466
157.22999572753906,151.54784802292056
156.77000427246094,157.4693153543915
158.52000427246094,156.6475746406378
158.52000427246094,158.77764569474243
158.52000427246094,158.47107152860565
159.36000061035156,158.65941344915834
159.36000061035156,159.5511381791644
158.85000610351562,159.35861634140906
145.72000122070312,158.93757249684785
148.5500030517578,144.8767799380994
148.5500030517578,148.76936717477486
148.5500030517578,148.50639032897652
148.8300018310547,148.6792090986184
151.82000732421875,148.9098517629328
154.52999877929688,152.1295563294946
153.97000122070312,154.84284932667313
153.6999969482422,153.73861873895234
153.6999969482422,153.79118818633253
153.6999969482422,153.6886931364325
151.27000427246094,153.7942047372395
153.38999938964844,151.00844878361514
155.8800048828125,153.62349405774603
157.66000366210938,156.22523738729248
157.8800048828125,157.7159010863461
157.8800048828125,158.0454919790916
157.8800048828125,157.8997832997577
157.8800048828125,158.00253273937034
156.72999572753906,157.92948504404816
155.13999938964844,156.6832385502589
154.47999572753906,155.09840943799648
158.1300048828125,154.48865773928492
158.1300048828125,158.39878905936058
158.1300048828125,158.06786615601914
156.3300018310547,158.2685250335026
158.1300048828125,156.09079469638058
166.14999389648438,158.35187501540787
169.0,166.3975616557135
168.97999572753906,169.3592853933352
168.97999572753906,168.79532702888147
168.97999572753906,169.09639803534188
171.66000366210938,168.98196274466252
175.0800018310547,171.94733236252677
175.57000732421875,175.45535684356264
173.94000244140625,175.4050644725691
170.66000366210938,174.03390085075728
170.66000366210938,170.3182790761915
170.66000366210938,170.67704516739371
171.2100067138672,170.527064607446
171.0,171.210662450914
172.47999572753906,170.96993657962727
171.25999450683594,172.74893542849614
171.6999969482422,171.01663558580094
171.6999969482422,171.7795913113896
171.6999969482422,171.6701439494804
171.6999969482422,171.78340156667824
171.44000244140625,171.755036722925
173.32000732421875,171.5032978597383
172.3699951171875,173.64425460490497
173.0,172.12786067930176
173.0,173.09525129949316
173.0,172.9728878606226
175.8699951171875,173.09070311135284
175.3000030517578,176.18707685580603
175.0,175.10745822080267
174.91000366210938,175.10658781014865
175.14999389648438,174.90010457749568
175.14999389648438,175.26415159229302
175.14999389648438,175.19628268095056
177.75,175.2550890829759
176.0,178.0789331754902
175.49000549316406,175.67567920482887
174.44000244140625,175.57531384164432
173.07000732421875,174.25512623556446
173.07000732421875,173.07306170071314
173.07000732421875,173.06380044736315
179.1199951171875,173.13007879043877
182.6699981689453,179.36409258900773
183.3000030517578,183.03688446671424
184.1000061035156,183.15366836445963
187.3300018310547,184.23224287599507
187.3300018310547,187.65589144420093
187.3300018310547,187.2076085500815
188.38999938964844,187.4619434780841
188.9900054931641,188.63379297949098
189.4900054931641,189.04564676578477
196.3300018310547,189.67049846272533
197.69000244140625,196.5858343481403
197.69000244140625,197.8606847153155
197.69000244140625,197.71886753753947
191.97999572753903,197.81332884426837
192.8800048828125,191.5022871161133
189.75999450683597,192.94137293774892
189.55999755859372,189.35130084545665
190.0800018310547,189.55274056079256
190.0800018310547,189.8752383454581
190.0800018310547,190.00441331627866
191.67999267578125,189.95510455410707
194.4600067138672,191.89721816595846
196.5,194.81826262569712
196.3699951171875,196.5861582350611
197.1000061035156,196.47554264920456
197.1000061035156,197.28926352264605
197.1000061035156,197.09894162667132
200.22999572753903,197.22880351462814
202.8500061035156,200.5569105300348
200.7400054931641,203.127110703471
201.0,200.37943156083423
200.13999938964844,201.06912747769024
200.13999938964844,199.9494242607611
200.13999938964844,200.14779019975603
199.8500061035156,200.10594521823984
201.3699951171875,199.88491827746375
203.3800048828125,201.6756643051073
204.1499938964844,203.58058149825413
204.1499938964844,204.298829753368
204.1499938964844,204.2003840344814
204.1499938964844,204.26348037994273
204.94000244140625,204.21138278957204
207.75,205.13561072759757
208.47999572753903,208.1056570645124
207.75999450683597,208.3535347546639
205.0,207.88185287982844
205.0,204.67976019711466
205.0,205.02461223215386
205.97000122070312,204.8928238683768
203.3999938964844,206.0287293481523
215.30999755859372,203.12402264615892
212.6499938964844,215.53129797375016
211.83999633789062,212.29149991103765
211.83999633789062,211.89250162109738
211.83999633789062,211.75350052803418
208.83999633789062,211.88180902653625
207.4199981689453,208.5538190300542
205.33999633789062,207.40506216007367
201.67999267578125,205.1024720462083
198.8500061035156,201.5454805195404
198.8500061035156,198.64800981312322
198.8500061035156,198.76609305864002
189.47999572753903,198.71871682634784
189.6999969482422,189.0284838913166
191.75,189.70692710163738
192.47000122070312,192.04864557843456
190.8999938964844,192.47313724088855
190.8999938964844,190.87526893755853
190.8999938964844,190.97588444715632
184.3500061035156,190.95827455344914
188.0,183.88624768714453
185.7100067138672,188.2233426202132
180.5399932861328,185.3827201450514
182.13999938964844,180.46092372706372
182.13999938964844,182.38041676182894
182.13999938964844,182.09401244236722
182.13999938964844,182.27507044876052
180.58999633789062,182.16882879730142
179.35000610351562,180.510448494898
179.22999572753906,179.34991791988853
177.99000549316406,179.26587037767214
177.99000549316406,177.9093967458469
177.99000549316406,178.0477616195518
177.9199981689453,178.03034038198675
179.8300018310547,178.00168657420335
184.9900054931641,180.15945348306272
185.47000122070312,185.3607112001711
191.9199981689453,185.31622176276036
191.9199981689453,192.1457438002462
191.9199981689453,191.88605466626865
195.3699951171875,192.05392011595796
196.0,195.69074217135372
195.97000122070312,195.95251093067995
196.7899932861328,196.12072709657787
193.58999633789062,196.97377917374075
193.58999633789062,193.2190994530426
193.58999633789062,193.63798043114662
194.9600067138672,193.4719693185919
200.2899932861328,195.1400317987094
199.8800048828125,200.5771372648842
200.6100006103516,199.7229009647772
200.8500061035156,200.7220575939866
200.8500061035156,200.8903070922563
200.8500061035156,200.95305680639854
200.16000366210938,200.91537358653113
199.25999450683597,200.1618839485424
200.9900054931641,199.27101409110713
201.57000732421875,201.29540271207904
199.5,201.55433075951137
199.5,199.4326991875674
199.5,199.55413397085067
204.4900054931641,199.54514203702664
203.1300048828125,204.74480860822882
204.44000244140625,202.87915509020078
204.44000244140625,204.56931777264606
205.0800018310547,204.4076151631267
205.0800018310547,205.207467415382
205.0800018310547,205.11139796109404
201.3999938964844,205.19085840867956
201.50999450683597,201.04156042513478
203.72999572753903,201.53867983582862
204.38999938964844,204.03692450420294
204.0,204.37560056261538
204.0,204.12762032051637
204.0,204.0421293146166
205.8699951171875,204.10958854366686
206.1100006103516,206.205039050717
205.08999633789062,206.00885601734984
205.8800048828125,205.19971152664692
206.5,206.0536042263213
206.5,206.63760964403298
206.5,206.55904230265222
207.22999572753903,206.6080779035535
208.91000366210938,207.41381664125748
209.1499938964844,209.2213750584285
209.2400054931641,209.05412515774407
209.72999572753903,209.37711289536097
209.72999572753903,209.83375120504576
209.72999572753903,209.81168927278605
210.63999938964844,209.8208120511235
210.16000366210938,210.86446008993994
221.3699951171875,210.03658919249972
218.02999877929688,221.5917094471786
206.42999267578125,217.62525257646888
206.42999267578125,206.1864367924879
206.42999267578125,206.34907791365592
198.6499938964844,206.2620117197141
198.07000732421875,198.2899446139581
199.55999755859372,198.0236105820425
203.52999877929688,199.71785545400488
202.75999450683597,203.84681037705099
202.75999450683597,202.53526306485332
202.75999450683597,202.85647259452497
202.0500030517578,202.74849018246627
212.13999938964844,202.0896422934114
206.44000244140625,212.3640636616657
205.13999938964844,205.90219702577193
207.16000366210938,205.21401907706138
207.16000366210938,207.48550684876412
207.16000366210938,207.0425084991967
212.72999572753903,207.29390184329665
213.3500061035156,212.99648010344833
213.6499938964844,213.38902295609054
214.44000244140625,213.81692303124552
212.0500030517578,214.61620458657978
212.0500030517578,211.7458224820881
212.0500030517578,212.0945461343463
207.19000244140625,211.97354373276536
208.5500030517578,206.90283814970545
205.72000122070312,208.59093160930834
209.32000732421875,205.38309683167256
210.4499969482422,209.54643885260654
210.4499969482422,210.63320805128288
210.4499969482422,210.46221446788445
210.4499969482422,210.57769832294053
206.97999572753903,210.49463897561864
209.47999572753903,206.69756986980798
213.97000122070312,209.71316058850832
214.4199981689453,214.30828483100169
214.4199981689453,214.32724301827517
214.4199981689453,214.5632401612438
216.44000244140625,214.435213507679
216.77999877929688,216.74610118933336
223.7100067138672,216.74074678077926
226.4199981689453,223.9390297770109
220.7899932861328,226.77624996197707
220.7899932861328,220.1913422705749
220.7899932861328,220.90350497275878
220.1300048828125,220.60701423962766
220.82000732421875,220.14391800268723
222.8500061035156,220.86598064848465
223.75999450683597,223.1669855192606
222.55999755859372,223.7289918462079
222.55999755859372,222.61508328848734
222.55999755859372,222.6322746572666
219.83999633789062,222.642255893249
222.4900054931641,219.57585204325215
221.5,222.72429428955996
220.94000244140625,221.3086873621776
220.9600067138672,221.02217583376932
220.9600067138672,220.96965119211598
220.9600067138672,221.05522571621304
224.5800018310547,221.02183780497631
228.22000122070312,224.86645845550578
223.5800018310547,228.59881560476708
220.9600067138672,223.02260394317815
227.4900054931641,221.05972684960884
227.4900054931641,227.7349422801445
227.4900054931641,227.4408794698261
229.92999267578125,227.62550786093954
228.05999755859372,230.27148377168075
227.7899932861328,227.7146124526849
230.44000244140625,227.87669589636758
237.63999938964844,230.76060719206296
237.63999938964844,237.9316112640833
237.63999938964844,237.53307109027767
238.1300048828125,237.76796714295122
237.6499938964844,238.2329515009185
235.2400054931641,237.65385462862199
236.1499938964844,235.07848110511688
237.5800018310547,236.18746669901756
237.5800018310547,237.8684812796247
237.5800018310547,237.48960906171396
240.9900054931641,237.71389939623813
242.1999969482422,241.31184132417243
243.2400054931641,242.19026692687447
244.8000030517578,243.46951881587577
246.72999572753903,245.04997239135605
246.72999572753903,247.00712751114753
246.72999572753903,246.62527372869815
249.25,246.85428237440013
249.75,249.58721804289124
245.3000030517578,249.67094122430987
249.1699981689453,245.08584358681128
255.92999267578125,249.40167273779886
255.92999267578125,256.2006531072778
255.92999267578125,255.851280425431
257.85000610351557,256.0630077525465
258.19000244140625,258.1878438595118
257.489990234375,258.09184341365625
260.35000610351557,257.6151465461766
260.44000244140625,260.681640051775
260.44000244140625,260.32586332037414
260.44000244140625,260.57622074473517
262.47000122070307,260.45425967559515
262.79000854492193,262.7755750803735
264.77999877929693,262.748711466663
264.8800048828125,265.0664751953551
265.77999877929693,264.8263235574834
265.77999877929693,265.95898962681935
265.77999877929693,265.77453420693314
267.42999267578125,265.9051976748475
268.0,267.75939549789393
266.07998657226557,267.92775992310015
264.010009765625,266.09009574261137
263.17999267578125,263.84598723695166
263.17999267578125,263.18100398613825
263.17999267578125,263.1739081783541
266.44000244140625,263.2392103209443
267.16000366210943,266.73437985512106
267.98001098632807,267.1686426896262
267.98001098632807,268.1866929946143
268.0,267.9573257551962
268.0,268.1316856477584
268.0,268.0352634153604
268.25,268.1117048413999
259.52999877929693,268.34841220725576
263.3099975585937,258.93074866357955
265.8900146484375,263.53197124607027
271.0,266.2423690050788
271.0,271.3862917168037
271.0,270.7882166671782
270.79998779296875,271.114180150142
270.07000732421875,270.76269757457715
271.10000610351557,270.12206144091806
272.5599975585937,271.3198181606758
275.29998779296875,272.80810793109305
275.29998779296875,275.65436227126054
275.29998779296875,275.1208139015054
280.79000854492193,275.4168562898241
281.7699890136719,281.05341483577774
281.8999938964844,281.8606257555793
281.17999267578125,282.02950157326563
282.6499938964844,281.11435872998294
282.6499938964844,282.9061400191351
282.6499938964844,282.5942192179092
284.25,282.7868074317336
284.8900146484375,284.57488185736764
284.8900146484375,284.8250055557332
289.9800109863281,285.03761311258614
293.9700012207031,290.26131051940763
293.9700012207031,294.3458816778583
293.9700012207031,293.7769734957312
292.69000244140625,294.08794593587083
293.67999267578125,292.4997292471296
293.67999267578125,293.7423052566833
300.6000061035156,293.65954278346754
300.5799865722656,300.83012626286506
300.5799865722656,300.5393918178625
300.5799865722656,300.71366943692976
299.9599914550781,300.6106871081255
300.8999938964844,300.0038702073376
304.44000244140625,301.103340051919
310.42999267578125,304.79038102867315
312.6700134277344,310.7815315758195
312.6700134277344,312.821393181744
312.6700134277344,312.72773039482456
317.07000732421875,312.78195190018005
317.57000732421875,317.35549483554036
315.5,317.5683779784818
315.70001220703125,315.4145748180555
318.739990234375,315.7541034815301
318.739990234375,319.03790815993585
318.739990234375,318.6511080124159
318.739990234375,318.8773690624335
319.0199890136719,318.75900493903924
319.989990234375,319.15506904789356
319.55999755859375,320.2219701821618
323.3299865722656,319.4367907816318
323.3299865722656,323.5710974190426
323.3299865722656,323.2914348575051
311.7699890136719,323.46737034160225
318.3999938964844,310.9649080390282
327.8500061035156,318.62120555409905
324.0899963378906,328.08459748364453
322.67999267578125,323.65542436866684
322.67999267578125,322.73923929299565
322.67999267578125,322.5635621529583
313.489990234375,322.7071762404147
319.6400146484375,312.8971499498705
324.760009765625,319.8614431923915
325.2200012207031,325.0712713675402
323.3999938964844,325.16888565070064
323.3999938964844,323.40005808438644
323.3999938964844,323.4656404888503
321.54998779296875,323.4678129025455
323.8999938964844,321.38218782280245
327.2200012207031,324.1487202728183
326.2200012207031,327.5889429576757
325.9800109863281,325.91928807700515
325.9800109863281,326.07445203544415
325.9800109863281,325.94036818967885
325.9800109863281,326.0654862917186
319.75,326.0316421137277
324.57000732421875,319.3079241237635
324.6499938964844,324.7926005260894
320.45001220703125,324.63233220974223
