,High
2010-02-08,121.0
2010-02-09,119.08999633789062
2010-02-10,118.61000061035156
2010-02-11,120.41999816894531
2010-02-12,119.94000244140624
2010-02-13,120.5
2010-02-14,117.12999725341795
2010-02-15,118.51000213623048
2010-02-16,119.08999633789062
2010-02-17,118.97000122070312
2010-02-18,119.25
2010-02-19,119.8000030517578
2010-02-20,118.33999633789062
2010-02-21,119.43000030517578
2010-02-22,124.66000366210938
2010-02-23,127.3499984741211
2010-02-24,126.94000244140624
2010-02-25,128.85000610351562
2010-02-26,129.44999694824222
2010-02-27,130.85000610351562
2010-02-28,130.80999755859378
2010-03-01,131.16999816894528
2010-03-02,133.6199951171875
2010-03-03,134.19999694824222
2010-03-04,132.0
2010-03-05,132.28999328613278
2010-03-06,132.69000244140622
2010-03-07,132.85000610351562
2010-03-08,133.71000671386722
2010-03-09,130.96000671386722
2010-03-10,130.94000244140622
2010-03-11,129.39999389648438
2010-03-12,136.91000366210938
2010-03-13,136.99000549316406
2010-03-14,136.6300048828125
2010-03-15,138.19000244140622
2010-03-16,136.80000305175778
2010-03-17,136.50999450683594
2010-03-18,133.74000549316406
2010-03-19,136.0
2010-03-20,136.08000183105472
2010-03-21,141.25
2010-03-22,141.3300018310547
2010-03-23,142.91000366210938
2010-03-24,141.97999572753906
2010-03-25,144.5
2010-03-26,147.08999633789062
2010-03-27,147.1699981689453
2010-03-28,143.6699981689453
2010-03-29,144.63999938964844
2010-03-30,149.0
2010-03-31,151.08999633789062
2010-04-01,149.08999633789062
2010-04-02,147.72999572753906
2010-04-03,146.44000244140625
2010-04-04,142.75
2010-04-05,142.4499969482422
2010-04-06,141.39999389648438
2010-04-07,139.44000244140622
2010-04-08,135.80999755859378
2010-04-09,131.61000061035156
2010-04-10,132.33000183105472
2010-04-11,131.17999267578122
2010-04-12,132.21000671386722
2010-04-13,133.08000183105472
2010-04-14,134.1300048828125
2010-04-15,136.99000549316406
2010-04-16,131.0
2010-04-17,129.94999694824222
2010-04-18,131.25
2010-04-19,127.93000030517578
2010-04-20,125.0
2010-04-21,124.97000122070312
2010-04-22,124.5
2010-04-23,125.19000244140624
2010-04-24,125.79000091552734
2010-04-25,126.8499984741211
2010-04-26,127.5999984741211
2010-04-27,126.56999969482422
2010-04-28,126.43000030517578
2010-04-29,129.14999389648438
2010-04-30,128.19999694824222
2010-05-01,126.61000061035156
2010-05-02,122.0
2010-05-03,121.47000122070312
2010-05-04,123.5
2010-05-05,123.52999877929688
2010-05-06,125.6999969482422
2010-05-07,126.91999816894531
2010-05-08,127.9800033569336
2010-05-09,127.8000030517578
2010-05-10,127.4800033569336
2010-05-11,127.4800033569336
2010-05-12,125.2300033569336
2010-05-13,123.22000122070312
2010-05-14,120.8499984741211
2010-05-15,121.76000213623048
2010-05-16,120.04000091552734
2010-05-17,116.4800033569336
2010-05-18,112.68000030517578
2010-05-19,111.69000244140624
2010-05-20,111.29000091552734
2010-05-21,112.52999877929688
2010-05-22,113.62999725341795
2010-05-23,117.4800033569336
2010-05-24,117.4000015258789
2010-05-25,119.6999969482422
2010-05-26,124.87999725341795
2010-05-27,123.75
2010-05-28,122.4800033569336
2010-05-29,121.91999816894531
2010-05-30,120.73999786376952
2010-05-31,120.70999908447266
2010-06-01,121.25
2010-06-02,120.87000274658205
2010-06-03,119.27999877929688
2010-06-04,118.5999984741211
2010-06-05,118.5
2010-06-06,118.1999969482422
2010-06-07,118.87000274658205
2010-06-08,118.73999786376952
2010-06-09,120.37999725341795
2010-06-10,122.87000274658205
2010-06-11,128.47000122070312
2010-06-12,128.0
2010-06-13,128.39999389648438
2010-06-14,129.92999267578122
2010-06-15,130.0
2010-06-16,128.1199951171875
2010-06-17,127.0
2010-06-18,127.4800033569336
2010-06-19,127.37000274658205
2010-06-20,129.97999572753906
2010-06-21,130.80999755859378
2010-06-22,130.02000427246094
2010-06-23,128.03999328613278
2010-06-24,129.22000122070312
2010-06-25,125.44000244140624
2010-06-26,127.37000274658205
2010-06-27,127.58999633789062
2010-06-28,126.63999938964844
2010-06-29,126.9499969482422
2010-06-30,125.9000015258789
2010-07-01,132.60000610351562
2010-07-02,135.21000671386722
2010-07-03,139.5
2010-07-04,138.60000610351562
2010-07-05,139.69999694824222
2010-07-06,141.3699951171875
2010-07-07,142.60000610351562
2010-07-08,145.74000549316406
2010-07-09,146.6999969482422
2010-07-10,145.6199951171875
2010-07-11,148.22999572753906
2010-07-12,148.97999572753906
2010-07-13,151.9499969482422
2010-07-14,153.30999755859375
2010-07-15,152.6999969482422
2010-07-16,155.9199981689453
2010-07-17,160.88999938964844
2010-07-18,161.1999969482422
2010-07-19,160.8800048828125
2010-07-20,161.77999877929688
2010-07-21,160.92999267578125
2010-07-22,157.44000244140625
2010-07-23,155.9600067138672
2010-07-24,161.2100067138672
2010-07-25,160.67999267578125
2010-07-26,157.39999389648438
2010-07-27,156.27999877929688
2010-07-28,156.6300048828125
2010-07-29,156.9499969482422
2010-07-30,156.7899932861328
2010-07-31,156.9499969482422
2010-08-01,164.8800048828125
2010-08-02,165.19000244140625
2010-08-03,162.8000030517578
2010-08-04,159.8699951171875
2010-08-05,166.1300048828125
2010-08-06,170.1699981689453
2010-08-07,171.99000549316406
2010-08-08,171.0
2010-08-09,169.75
2010-08-10,168.49000549316406
2010-08-11,168.5
2010-08-12,164.5800018310547
2010-08-13,165.94000244140625
2010-08-14,168.61000061035156
2010-08-15,172.52999877929688
2010-08-16,171.64999389648438
2010-08-17,173.1999969482422
2010-08-18,173.13999938964844
2010-08-19,173.3699951171875
2010-08-20,172.0500030517578
2010-08-21,171.25999450683594
2010-08-22,165.35000610351562
2010-08-23,160.91000366210938
2010-08-24,160.85000610351562
2010-08-25,165.0
2010-08-26,164.99000549316406
2010-08-27,170.60000610351562
2010-08-28,168.80999755859375
2010-08-29,177.88999938964844
2010-08-30,178.3800048828125
2010-08-31,181.83999633789062
2010-09-01,177.6999969482422
2010-09-02,179.32000732421875
2010-09-03,177.4499969482422
2010-09-04,176.39999389648438
2010-09-05,178.42999267578125
2010-09-06,181.47000122070312
2010-09-07,178.16000366210938
2010-09-08,178.11000061035156
2010-09-09,175.9499969482422
2010-09-10,177.94000244140625
2010-09-11,175.75999450683594
2010-09-12,179.0
2010-09-13,178.3000030517578
2010-09-14,178.75
2010-09-15,183.97999572753903
2010-09-16,185.6499938964844
2010-09-17,185.4499969482422
2010-09-18,184.97999572753903
2010-09-19,183.13999938964844
2010-09-20,182.7700042724609
2010-09-21,184.3500061035156
2010-09-22,184.5500030517578
2010-09-23,182.3000030517578
2010-09-24,186.0
2010-09-25,187.6999969482422
2010-09-26,187.4499969482422
2010-09-27,187.41000366210938
2010-09-28,188.4499969482422
2010-09-29,185.2899932861328
2010-09-30,186.0
2010-10-01,185.3800048828125
2010-10-02,186.4499969482422
2010-10-03,188.94000244140625
2010-10-04,191.6000061035156
2010-10-05,191.0
2010-10-06,186.8500061035156
2010-10-07,183.25
2010-10-08,178.49000549316406
2010-10-09,176.75
2010-10-10,177.88999938964844
2010-10-11,185.0
2010-10-12,173.7100067138672
2010-10-13,171.44000244140625
2010-10-14,173.10000610351562
2010-10-15,175.1999969482422
2010-10-16,174.6699981689453
2010-10-17,177.19000244140625
2010-10-18,177.5500030517578
2010-10-19,183.1100006103516
2010-10-20,186.47000122070312
2010-10-21,187.2400054931641
2010-10-22,189.5
2010-10-23,191.3999938964844
2010-10-24,190.4900054931641
2010-10-25,190.0
2010-10-26,189.08999633789062
2010-10-27,188.5
2010-10-28,184.72000122070312
2010-10-29,181.1499938964844
2010-10-30,179.75
2010-10-31,180.75
2010-11-01,175.88999938964844
2010-11-02,173.9600067138672
2010-11-03,173.3000030517578
2010-11-04,174.4600067138672
2010-11-05,172.75
2010-11-06,172.08999633789062
2010-11-07,169.7100067138672
2010-11-08,169.75
2010-11-09,168.47000122070312
2010-11-10,169.1999969482422
2010-11-11,168.0800018310547
2010-11-12,166.8800048828125
2010-11-13,168.13999938964844
2010-11-14,166.3000030517578
2010-11-15,163.5399932861328
2010-11-16,165.7899932861328
2010-11-17,164.44000244140625
2010-11-18,166.25999450683594
2010-11-19,172.0
2010-11-20,173.49000549316406
2010-11-21,172.5
2010-11-22,174.83999633789062
2010-11-23,181.16000366210938
2010-11-24,181.57000732421875
2010-11-25,183.25
2010-11-26,183.6100006103516
2010-11-27,186.3600006103516
2010-11-28,188.2700042724609
2010-11-29,185.1699981689453
2010-11-30,186.22000122070312
2010-12-01,186.4900054931641
2010-12-02,184.58999633789062
2010-12-03,182.8800048828125
2010-12-04,182.0800018310547
2010-12-05,181.77999877929688
2010-12-06,178.91000366210938
2010-12-07,179.47000122070312
2010-12-08,185.0
2010-12-09,185.97000122070312
2010-12-10,186.3500061035156
2010-12-11,186.4199981689453
2010-12-12,197.8000030517578
2010-12-13,196.7899932861328
2010-12-14,196.58999633789062
2010-12-15,203.4199981689453
2010-12-16,202.58999633789062
2010-12-17,201.8600006103516
2010-12-18,201.0
2010-12-19,199.55999755859372
2010-12-20,202.3600006103516
2010-12-21,205.2899932861328
2010-12-22,205.5
2010-12-23,206.19000244140625
2010-12-24,206.38999938964844
2010-12-25,200.8999938964844
2010-12-26,195.97999572753903
2010-12-27,198.27999877929688
2010-12-28,199.9499969482422
2010-12-29,199.8000030517578
2010-12-30,197.2899932861328
2010-12-31,197.0
2011-01-01,194.3500061035156
2011-01-02,196.4499969482422
2011-01-03,196.1199951171875
2011-01-04,198.44000244140625
2011-01-05,197.25999450683597
2011-01-06,194.44000244140625
2011-01-07,193.2100067138672
2011-01-08,189.8500061035156
2011-01-09,190.6300048828125
2011-01-10,189.80999755859372
2011-01-11,191.75999450683597
2011-01-12,190.7700042724609
2011-01-13,189.30999755859372
2011-01-14,190.72000122070312
2011-01-15,192.4499969482422
2011-01-16,187.0
2011-01-17,187.38999938964844
2011-01-18,188.8500061035156
2011-01-19,195.0
2011-01-20,195.1999969482422
2011-01-21,194.4600067138672
2011-01-22,194.9199981689453
2011-01-23,202.5800018310547
2011-01-24,202.8800048828125
2011-01-25,206.25
2011-01-26,205.1999969482422
2011-01-27,210.2700042724609
2011-01-28,214.4499969482422
2011-01-29,214.3999938964844
2011-01-30,217.8000030517578
2011-01-31,218.32000732421875
2011-02-01,217.5
2011-02-02,215.6499938964844
2011-02-03,216.8300018310547
2011-02-04,215.91000366210938
2011-02-05,214.52999877929688
2011-02-06,213.38999938964844
2011-02-07,218.3999938964844
2011-02-08,220.1999969482422
2011-02-09,217.08999633789062
2011-02-10,217.9499969482422
2011-02-11,216.0800018310547
2011-02-12,215.6000061035156
2011-02-13,227.1999969482422
2011-02-14,225.9499969482422
2011-02-15,225.75
2011-02-16,227.4499969482422
2011-02-17,222.42999267578125
2011-02-18,214.8300018310547
2011-02-19,208.0
2011-02-20,207.32000732421875
2011-02-21,200.38999938964844
2011-02-22,205.08999633789062
2011-02-23,202.3999938964844
2011-02-24,200.8500061035156
2011-02-25,204.55999755859372
2011-02-26,205.27999877929688
2011-02-27,201.38999938964844
2011-02-28,199.6000061035156
2011-03-01,191.33999633789062
2011-03-02,190.0
2011-03-03,184.1999969482422
2011-03-04,194.83999633789062
2011-03-05,196.30999755859372
2011-03-06,196.9900054931641
2011-03-07,199.72000122070312
2011-03-08,206.6699981689453
2011-03-09,212.4900054931641
2011-03-10,216.1699981689453
2011-03-11,217.63999938964844
2011-03-12,210.69000244140625
2011-03-13,216.6000061035156
2011-03-14,220.19000244140625
2011-03-15,220.63999938964844
2011-03-16,216.9600067138672
2011-03-17,216.66000366210938
2011-03-18,219.9499969482422
2011-03-19,224.9900054931641
2011-03-20,227.1999969482422
2011-03-21,240.44000244140625
2011-03-22,244.0
2011-03-23,241.0500030517578
2011-03-24,240.5200042724609
2011-03-25,228.7899932861328
2011-03-26,224.4900054931641
2011-03-27,230.2400054931641
2011-03-28,234.75
2011-03-29,235.80999755859372
2011-03-30,234.3000030517578
2011-03-31,223.0
2011-04-01,221.6000061035156
2011-04-02,215.0
2011-04-03,220.1699981689453
2011-04-04,223.6199951171875
2011-04-05,227.8999938964844
2011-04-06,232.8000030517578
2011-04-07,236.75
2011-04-08,241.83999633789062
2011-04-09,239.67999267578125
2011-04-10,246.7100067138672
2011-04-11,246.7100067138672
2011-04-12,244.6100006103516
2011-04-13,243.3300018310547
2011-04-14,234.7400054931641
2011-04-15,237.0
2011-04-16,240.47000122070312
2011-04-17,239.00999450683597
2011-04-18,207.5800018310547
2011-04-19,208.6000061035156
2011-04-20,218.3999938964844
2011-04-21,218.88999938964844
2011-04-22,216.2100067138672
2011-04-23,216.7899932861328
2011-04-24,218.5
2011-04-25,218.22999572753903
2011-04-26,220.1999969482422
2011-04-27,219.3500061035156
2011-04-28,215.6999969482422
2011-04-29,214.05999755859372
2011-04-30,217.8800048828125
2011-05-01,222.3500061035156
2011-05-02,220.3300018310547
2011-05-03,216.97000122070312
2011-05-04,212.8999938964844
2011-05-05,205.33999633789062
2011-05-06,193.3600006103516
2011-05-07,194.0399932861328
2011-05-08,194.6000061035156
2011-05-09,190.8300018310547
2011-05-10,194.6199951171875
2011-05-11,195.5
2011-05-12,195.3000030517578
2011-05-13,198.07000732421875
2011-05-14,199.66000366210938
2011-05-15,199.0
2011-05-16,198.32000732421875
2011-05-17,196.7100067138672
2011-05-18,195.88999938964844
2011-05-19,193.9499969482422
2011-05-20,191.1499938964844
2011-05-21,189.67999267578125
2011-05-22,180.75
2011-05-23,184.8000030517578
2011-05-24,184.41000366210938
2011-05-25,183.1699981689453
2011-05-26,183.1699981689453
2011-05-27,183.5
2011-05-28,179.6699981689453
2011-05-29,179.67999267578125
2011-05-30,178.58999633789062
2011-05-31,176.64999389648438
2011-06-01,174.5500030517578
2011-06-02,175.1699981689453
2011-06-03,179.47999572753906
2011-06-04,180.5
2011-06-05,178.25
2011-06-06,184.6499938964844
2011-06-07,184.3699951171875
2011-06-08,182.3999938964844
2011-06-09,180.7700042724609
2011-06-10,179.49000549316406
2011-06-11,178.8000030517578
2011-06-12,183.3000030517578
2011-06-13,190.25
2011-06-14,195.94000244140625
2011-06-15,192.8999938964844
2011-06-16,191.72999572753903
2011-06-17,188.41000366210938
2011-06-18,188.1699981689453
2011-06-19,194.8500061035156
2011-06-20,196.5
2011-06-21,195.0
2011-06-22,195.6300048828125
2011-06-23,179.9499969482422
2011-06-24,181.94000244140625
2011-06-25,187.8999938964844
2011-06-26,186.55999755859372
2011-06-27,184.94000244140625
2011-06-28,186.4900054931641
2011-06-29,185.69000244140625
2011-06-30,187.6300048828125
2011-07-01,192.5
2011-07-02,193.57000732421875
2011-07-03,191.5399932861328
2011-07-04,181.67999267578125
2011-07-05,183.41000366210938
2011-07-06,184.75
2011-07-07,182.9900054931641
2011-07-08,180.75
2011-07-09,180.7400054931641
2011-07-10,179.19000244140625
2011-07-11,184.2899932861328
2011-07-12,184.0
2011-07-13,180.4900054931641
2011-07-14,181.83999633789062
2011-07-15,181.82000732421875
2011-07-16,183.5
2011-07-17,185.5
2011-07-18,188.3800048828125
2011-07-19,187.1999969482422
2011-07-20,185.3999938964844
2011-07-21,184.8699951171875
2011-07-22,184.32000732421875
2011-07-23,184.42999267578125
2011-07-24,185.67999267578125
2011-07-25,186.67999267578125
2011-07-26,194.41000366210938
2011-07-27,194.27999877929688
2011-07-28,194.05999755859372
2011-07-29,196.1999969482422
2011-07-30,202.97000122070312
2011-07-31,209.8500061035156
2011-08-01,207.0
2011-08-02,205.30999755859372
2011-08-03,206.8500061035156
2011-08-04,199.8999938964844
2011-08-05,202.38999938964844
2011-08-06,197.67999267578125
2011-08-07,196.02999877929688
2011-08-08,194.1999969482422
2011-08-09,193.5200042724609
2011-08-10,191.97000122070312
2011-08-11,192.25999450683597
2011-08-12,189.94000244140625
2011-08-13,189.47000122070312
2011-08-14,190.0399932861328
2011-08-15,193.4499969482422
2011-08-16,194.5500030517578
2011-08-17,193.47999572753903
2011-08-18,188.9900054931641
2011-08-19,190.6999969482422
2011-08-20,194.8000030517578
2011-08-21,196.3600006103516
2011-08-22,228.69000244140625
2011-08-23,233.83999633789062
2011-08-24,232.97000122070312
2011-08-25,231.44000244140625
2011-08-26,232.52999877929688
2011-08-27,229.72000122070312
2011-08-28,226.8699951171875
2011-08-29,225.38999938964844
2011-08-30,225.77999877929688
2011-08-31,229.0800018310547
2011-09-01,230.67999267578125
2011-09-02,227.2899932861328
2011-09-03,230.6100006103516
2011-09-04,228.0
2011-09-05,226.0
2011-09-06,219.6300048828125
2011-09-07,219.97999572753903
2011-09-08,218.8699951171875
2011-09-09,217.5500030517578
2011-09-10,217.66000366210938
2011-09-11,215.97999572753903
2011-09-12,216.5500030517578
2011-09-13,212.97999572753903
2011-09-14,213.7899932861328
2011-09-15,211.22999572753903
2011-09-16,215.3500061035156
2011-09-17,216.8600006103516
2011-09-18,218.3999938964844
2011-09-19,221.4900054931641
2011-09-20,219.4199981689453
2011-09-21,220.8699951171875
2011-09-22,218.0
2011-09-23,217.3800048828125
2011-09-24,216.5
2011-09-25,219.3300018310547
2011-09-26,223.75999450683597
2011-09-27,225.1999969482422
2011-09-28,224.7400054931641
2011-09-29,226.02999877929688
2011-09-30,222.50999450683597
2011-10-01,221.58999633789062
2011-10-02,226.38999938964844
2011-10-03,227.5
2011-10-04,224.6199951171875
2011-10-05,228.3500061035156
2011-10-06,229.33999633789062
2011-10-07,229.52999877929688
2011-10-08,230.5
2011-10-09,228.8999938964844
2011-10-10,226.0
2011-10-11,227.13999938964844
2011-10-12,221.7400054931641
2011-10-13,217.3000030517578
2011-10-14,219.30999755859372
2011-10-15,218.30999755859372
2011-10-16,217.94000244140625
2011-10-17,218.6699981689453
2011-10-18,227.5
2011-10-19,229.38999938964844
2011-10-20,226.5800018310547
2011-10-21,226.6100006103516
2011-10-22,222.5
2011-10-23,221.4499969482422
2011-10-24,238.33999633789062
2011-10-25,240.7400054931641
2011-10-26,236.3000030517578
2011-10-27,234.3800048828125
2011-10-28,234.33999633789062
2011-10-29,236.4900054931641
2011-10-30,235.7400054931641
2011-10-31,238.0
2011-11-01,236.4499969482422
2011-11-02,235.9900054931641
2011-11-03,234.8500061035156
2011-11-04,234.3699951171875
2011-11-05,236.72000122070312
2011-11-06,238.13999938964844
2011-11-07,242.82000732421875
2011-11-08,243.3500061035156
2011-11-09,241.6499938964844
2011-11-10,243.8500061035156
2011-11-11,244.8999938964844
2011-11-12,243.47999572753903
2011-11-13,246.8699951171875
2011-11-14,247.5
2011-11-15,246.77999877929688
2011-11-16,247.6100006103516
2011-11-17,250.0
2011-11-18,249.4499969482422
2011-11-19,251.0
2011-11-20,248.6100006103516
2011-11-21,252.6999969482422
2011-11-22,259.42001342773443
2011-11-23,260.0
2011-11-24,257.60000610351557
2011-11-25,257.77999877929693
2011-11-26,262.0
2011-11-27,264.1099853515625
2011-11-28,261.25
2011-11-29,260.5
2011-11-30,262.83999633789057
2011-12-01,260.8699951171875
2011-12-02,262.0
2011-12-03,255.6000061035156
2011-12-04,258.95001220703125
2011-12-05,254.6100006103516
2011-12-06,257.39999389648443
2011-12-07,257.0
2011-12-08,256.16000366210943
2011-12-09,253.1499938964844
2011-12-10,256.10000610351557
2011-12-11,261.51998901367193
2011-12-12,261.89999389648443
2011-12-13,259.79998779296875
2011-12-14,259.35000610351557
2011-12-15,252.4600067138672
2011-12-16,249.3000030517578
2011-12-17,245.4600067138672
2011-12-18,244.77999877929688
2011-12-19,245.7700042724609
2011-12-20,248.8000030517578
2011-12-21,250.91000366210938
2011-12-22,246.82000732421875
2011-12-23,238.9499969482422
2011-12-24,236.5
2011-12-25,235.94000244140625
2011-12-26,230.9199981689453
2011-12-27,238.7100067138672
2011-12-28,238.6999969482422
2011-12-29,234.5500030517578
2011-12-30,237.3999938964844
2011-12-31,234.8300018310547
2012-01-01,237.75
2012-01-02,235.66000366210938
2012-01-03,233.4499969482422
2012-01-04,230.97000122070312
2012-01-05,229.22000122070312
2012-01-06,227.8999938964844
2012-01-07,227.41000366210938
2012-01-08,225.16000366210938
2012-01-09,226.25
2012-01-10,232.5
2012-01-11,233.82000732421875
2012-01-12,238.6699981689453
2012-01-13,240.0
2012-01-14,244.32000732421875
2012-01-15,245.6699981689453
2012-01-16,247.22999572753903
2012-01-17,252.47999572753903
2012-01-18,252.6499938964844
2012-01-19,254.16000366210938
2012-01-20,253.0
2012-01-21,255.5500030517578
2012-01-22,255.1699981689453
2012-01-23,255.2100067138672
2012-01-24,254.77999877929688
2012-01-25,253.47999572753903
2012-01-26,254.3600006103516
2012-01-27,254.5399932861328
2012-01-28,251.8999938964844
2012-01-29,254.0
2012-01-30,263.1099853515625
2012-01-31,261.67001342773443
2012-02-01,262.41000366210943
2012-02-02,258.3800048828125
2012-02-03,259.5
2012-02-04,257.42001342773443
2012-02-05,249.3500061035156
2012-02-06,247.44000244140625
2012-02-07,252.41000366210938
2012-02-08,258.10000610351557
2012-02-09,260.8800048828125
2012-02-10,259.79998779296875
2012-02-11,269.73001098632807
2012-02-12,268.98001098632807
2012-02-13,269.5
2012-02-14,268.739990234375
2012-02-15,268.42999267578125
2012-02-16,274.260009765625
2012-02-17,272.73001098632807
2012-02-18,271.239990234375
2012-02-19,271.97000122070307
2012-02-20,274.5
2012-02-21,272.10000610351557
2012-02-22,271.08999633789057
2012-02-23,276.64999389648443
2012-02-24,284.7200012207031
2012-02-25,284.4800109863281
2012-02-26,275.45999145507807
2012-02-27,284.20001220703125
2012-02-28,275.94000244140625
2012-02-29,268.92999267578125
2012-03-01,264.67999267578125
2012-03-02,268.02999877929693
2012-03-03,266.8900146484375
2012-03-04,264.10000610351557
2012-03-05,265.25
2012-03-06,263.25
2012-03-07,260.16000366210943
2012-03-08,269.95999145507807
2012-03-09,270.64999389648443
2012-03-10,268.92001342773443
2012-03-11,270.1099853515625
2012-03-12,274.29998779296875
2012-03-13,269.48001098632807
2012-03-14,267.1099853515625
2012-03-15,268.69000244140625
2012-03-16,262.04000854492193
2012-03-17,265.82998657226557
2012-03-18,267.0
2012-03-19,266.60000610351557
2012-03-20,273.29998779296875
2012-03-21,276.67999267578125
2012-03-22,276.489990234375
2012-03-23,274.79998779296875
2012-03-24,275.44000244140625
2012-03-25,273.989990234375
2012-03-26,277.39999389648443
2012-03-27,276.5
2012-03-28,270.0
2012-03-29,267.260009765625
2012-03-30,261.489990234375
2012-03-31,259.5
2012-04-01,259.760009765625
2012-04-02,257.0
2012-04-03,257.76998901367193
2012-04-04,259.42999267578125
2012-04-05,261.48001098632807
2012-04-06,265.92999267578125
2012-04-07,267.3800048828125
2012-04-08,267.39999389648443
2012-04-09,265.8900146484375
2012-04-10,263.67001342773443
2012-04-11,260.41000366210943
2012-04-12,256.17999267578125
2012-04-13,259.67999267578125
2012-04-14,262.6099853515625
2012-04-15,265.98001098632807
2012-04-16,270.97000122070307
2012-04-17,273.26998901367193
2012-04-18,275.1199951171875
2012-04-19,272.79998779296875
2012-04-20,270.85000610351557
2012-04-21,266.989990234375
2012-04-22,262.8800048828125
2012-04-23,264.60000610351557
2012-04-24,269.8699951171875
2012-04-25,271.47000122070307
2012-04-26,275.79998779296875
2012-04-27,272.01998901367193
2012-04-28,257.010009765625
2012-04-29,254.67999267578125
2012-04-30,254.1999969482422
2012-05-01,252.92999267578125
2012-05-02,259.25
2012-05-03,259.5
2012-05-04,259.739990234375
2012-05-05,260.29998779296875
2012-05-06,263.54998779296875
2012-05-07,263.64999389648443
2012-05-08,265.8800048828125
2012-05-09,269.39999389648443
2012-05-10,269.04998779296875
2012-05-11,268.42999267578125
2012-05-12,269.98001098632807
2012-05-13,271.79000854492193
2012-05-14,270.76998901367193
2012-05-15,267.58999633789057
2012-05-16,263.17001342773443
2012-05-17,261.92999267578125
2012-05-18,271.10000610351557
2012-05-19,268.25
2012-05-20,268.57000732421875
2012-05-21,271.91000366210943
2012-05-22,269.1099853515625
2012-05-23,268.8800048828125
2012-05-24,271.66000366210943
2012-05-25,270.5
2012-05-26,280.10000610351557
2012-05-27,282.4700012207031
2012-05-28,278.41000366210943
2012-05-29,276.79998779296875
2012-05-30,276.79998779296875
2012-05-31,277.07000732421875
2012-06-01,280.20001220703125
2012-06-02,282.9100036621094
2012-06-03,283.3399963378906
2012-06-04,278.60000610351557
2012-06-05,275.83999633789057
2012-06-06,273.16000366210943
2012-06-07,273.47000122070307
2012-06-08,277.98001098632807
2012-06-09,280.20001220703125
2012-06-10,279.82998657226557
2012-06-11,283.2900085449219
2012-06-12,286.5799865722656
2012-06-13,285.3999938964844
2012-06-14,286.3800048828125
2012-06-15,291.6700134277344
2012-06-16,292.57000732421875
2012-06-17,293.3399963378906
2012-06-18,300.69000244140625
2012-06-19,307.54998779296875
2012-06-20,307.989990234375
2012-06-21,309.3900146484375
2012-06-22,308.79998779296875
2012-06-23,306.3399963378906
2012-06-24,305.7900085449219
2012-06-25,309.25
2012-06-26,305.05999755859375
2012-06-27,303.8399963378906
2012-06-28,304.5
2012-06-29,313.6199951171875
2012-06-30,313.0
2012-07-01,309.7799987792969
2012-07-02,305.1499938964844
2012-07-03,306.2099914550781
2012-07-04,305.3299865722656
2012-07-05,303.6199951171875
2012-07-06,301.3599853515625
2012-07-07,300.989990234375
2012-07-08,298.5199890136719
2012-07-09,299.2699890136719
2012-07-10,299.0799865722656
2012-07-11,296.3699951171875
2012-07-12,294.2900085449219
2012-07-13,289.29998779296875
2012-07-14,288.3299865722656
2012-07-15,289.55999755859375
2012-07-16,289.510009765625
2012-07-17,288.5
2012-07-18,289.8699951171875
2012-07-19,291.5
2012-07-20,291.04998779296875
2012-07-21,285.2799987792969
2012-07-22,283.0
2012-07-23,285.9800109863281
2012-07-24,284.8699951171875
2012-07-25,291.3900146484375
2012-07-26,295.2300109863281
2012-07-27,297.0
2012-07-28,298.8800048828125
2012-07-29,299.9599914550781
2012-07-30,301.0
2012-07-31,301.8599853515625
2012-08-01,302.0
2012-08-02,300.2200012207031
2012-08-03,301.0
2012-08-04,304.6499938964844
2012-08-05,312.739990234375
2012-08-06,314.5400085449219
2012-08-07,320.57000732421875
2012-08-08,315.8999938964844
2012-08-09,318.0799865722656
2012-08-10,316.7099914550781
2012-08-11,319.3699951171875
2012-08-12,317.2099914550781
2012-08-13,315.30999755859375
2012-08-14,321.0
2012-08-15,321.7300109863281
2012-08-16,322.9200134277344
2012-08-17,319.20001220703125
2012-08-18,315.3399963378906
2012-08-19,311.54998779296875
2012-08-20,303.5
2012-08-21,306.70001220703125
2012-08-22,310.92999267578125
2012-08-23,311.6499938964844
2012-08-24,310.7900085449219
2012-08-25,310.79998779296875
2012-08-26,311.0
2012-08-27,331.8900146484375
2012-08-28,330.0
2012-08-29,337.1099853515625
2012-08-30,331.7200012207031
2012-08-31,332.6499938964844
2012-09-01,368.3999938964844
2012-09-02,362.75
2012-09-03,362.8900146484375
2012-09-04,365.0
2012-09-05,366.0
2012-09-06,365.7699890136719
2012-09-07,361.0
2012-09-08,360.1700134277344
2012-09-09,362.8699951171875
2012-09-10,357.8999938964844
2012-09-11,351.04998779296875
2012-09-12,355.3699951171875
2012-09-13,355.4800109863281
2012-09-14,356.2200012207031
2012-09-15,368.9400024414063
2012-09-16,372.8999938964844
2012-09-17,373.489990234375
2012-09-18,368.7799987792969
2012-09-19,367.55999755859375
2012-09-20,369.25
2012-09-21,374.5
2012-09-22,377.7900085449219
2012-09-23,382.5
2012-09-24,387.0
2012-09-25,394.1000061035156
2012-09-26,399.0
2012-09-27,390.95001220703125
2012-09-28,389.6900024414063
2012-09-29,386.6499938964844
2012-09-30,388.3500061035156
2012-10-01,388.2099914550781
2012-10-02,389.05999755859375
2012-10-03,388.9800109863281
2012-10-04,385.0
2012-10-05,389.4200134277344
2012-10-06,391.70001220703125
2012-10-07,391.3599853515625
2012-10-08,396.2999877929688
2012-10-09,397.2900085449219
2012-10-10,404.7200012207031
2012-10-11,405.0
2012-10-12,403.7200012207031
2012-10-13,404.5199890136719
2012-10-14,405.6300048828125
2012-10-15,399.9200134277344
2012-10-16,398.8299865722656
2012-10-17,399.3599853515625
2012-10-18,402.7099914550781
2012-10-19,397.0
2012-10-20,398.4700012207031
2012-10-21,403.0
2012-10-22,406.8900146484375
2012-10-23,403.760009765625
2012-10-24,399.7799987792969
2012-10-25,398.6300048828125
2012-10-26,399.30999755859375
2012-10-27,399.2900085449219
2012-10-28,403.489990234375
2012-10-29,407.7999877929688
2012-10-30,408.05999755859375
2012-10-31,406.1700134277344
2012-11-01,400.20001220703125
2012-11-02,394.1000061035156
2012-11-03,394.739990234375
2012-11-04,392.8500061035156
2012-11-05,406.25
2012-11-06,375.45001220703125
2012-11-07,360.8500061035156
2012-11-08,354.0
2012-11-09,349.3699951171875
2012-11-10,354.82000732421875
2012-11-11,361.7999877929688
2012-11-12,365.0
2012-11-13,363.6099853515625
2012-11-14,357.75
2012-11-15,357.20001220703125
2012-11-16,359.3399963378906
2012-11-17,355.7300109863281
2012-11-18,354.5400085449219
2012-11-19,350.4599914550781
2012-11-20,354.1400146484375
2012-11-21,353.0
2012-11-22,361.0799865722656
2012-11-23,364.75
2012-11-24,360.5899963378906
2012-11-25,365.8699951171875
2012-11-26,360.9599914550781
2012-11-27,365.67999267578125
2012-11-28,372.7300109863281
2012-11-29,375.3299865722656
2012-11-30,374.989990234375
2012-12-01,372.7300109863281
2012-12-02,372.7999877929688
2012-12-03,371.1600036621094
2012-12-04,383.1099853515625
2012-12-05,378.5700073242188
2012-12-06,378.8500061035156
2012-12-07,379.0
2012-12-08,379.0
2012-12-09,373.0
2012-12-10,372.8399963378906
2012-12-11,361.5
2012-12-12,358.9700012207031
2012-12-13,357.6000061035156
2012-12-14,344.0
2012-12-15,347.0
2012-12-16,346.2900085449219
2012-12-17,344.42999267578125
2012-12-18,348.29998779296875
2012-12-19,342.5
2012-12-20,335.44000244140625
2012-12-21,324.94000244140625
2012-12-22,328.0
2012-12-23,332.17999267578125
2012-12-24,331.0
2012-12-25,316.5
2012-12-26,320.4800109863281
2012-12-27,318.2799987792969
2012-12-28,324.0
2012-12-29,328.6600036621094
2012-12-30,331.1499938964844
2012-12-31,337.5
2013-01-01,333.1300048828125
2013-01-02,337.3999938964844
2013-01-03,316.489990234375
2013-01-04,304.3900146484375
2013-01-05,301.8399963378906
2013-01-06,304.55999755859375
2013-01-07,310.4800109863281
2013-01-08,313.2900085449219
2013-01-09,310.2300109863281
2013-01-10,309.80999755859375
2013-01-11,296.3999938964844
2013-01-12,295.8800048828125
2013-01-13,293.67999267578125
2013-01-14,303.3399963378906
2013-01-15,305.6000061035156
2013-01-16,304.6400146484375
2013-01-17,299.20001220703125
2013-01-18,298.8800048828125
2013-01-19,299.0
2013-01-20,304.4599914550781
2013-01-21,305.9599914550781
2013-01-22,308.5400085449219
2013-01-23,312.3500061035156
2013-01-24,314.6300048828125
2013-01-25,313.82000732421875
2013-01-26,314.8699951171875
2013-01-27,314.6499938964844
2013-01-28,312.6000061035156
2013-01-29,307.9200134277344
2013-01-30,309.5
2013-01-31,327.94000244140625
2013-02-01,330.8800048828125
2013-02-02,333.0
2013-02-03,335.5
2013-02-04,340.7200012207031
2013-02-05,335.54998779296875
2013-02-06,329.29998779296875
2013-02-07,328.69000244140625
2013-02-08,331.3399963378906
2013-02-09,335.75
2013-02-10,338.8999938964844
2013-02-11,328.2200012207031
2013-02-12,327.54998779296875
2013-02-13,329.7300109863281
2013-02-14,328.1499938964844
2013-02-15,328.6499938964844
2013-02-16,326.5199890136719
2013-02-17,326.9800109863281
2013-02-18,333.20001220703125
2013-02-19,336.760009765625
2013-02-20,338.29998779296875
2013-02-21,337.54998779296875
2013-02-22,333.739990234375
2013-02-23,330.20001220703125
2013-02-24,329.9800109863281
2013-02-25,347.0
2013-02-26,355.7699890136719
2013-02-27,355.5899963378906
2013-02-28,359.32000732421875
2013-03-01,356.9599914550781
2013-03-02,359.67999267578125
2013-03-03,361.7099914550781
2013-03-04,362.92999267578125
2013-03-05,360.6300048828125
2013-03-06,364.8500061035156
2013-03-07,324.8699951171875
2013-03-08,324.82000732421875
2013-03-09,322.8999938964844
2013-03-10,322.7300109863281
2013-03-11,320.67999267578125
2013-03-12,315.8299865722656
2013-03-13,316.17999267578125
2013-03-14,314.54998779296875
2013-03-15,315.7799987792969
2013-03-16,315.8800048828125
2013-03-17,317.32000732421875
2013-03-18,320.3800048828125
2013-03-19,321.30999755859375
2013-03-20,331.7200012207031
2013-03-21,334.0899963378906
2013-03-22,335.0
2013-03-23,337.79998779296875
2013-03-24,335.80999755859375
2013-03-25,337.1600036621094
2013-03-26,336.5799865722656
2013-03-27,334.0799865722656
2013-03-28,336.7699890136719
2013-03-29,344.3599853515625
2013-03-30,346.6700134277344
2013-03-31,341.7900085449219
2013-04-01,341.82000732421875
2013-04-02,342.5
2013-04-03,343.2699890136719
2013-04-04,349.3800048828125
2013-04-05,346.8299865722656
2013-04-06,345.80999755859375
2013-04-07,341.760009765625
2013-04-08,334.9800109863281
2013-04-09,333.010009765625
2013-04-10,332.8900146484375
2013-04-11,331.3299865722656
2013-04-12,329.4800109863281
2013-04-13,328.0
2013-04-14,327.1000061035156
2013-04-15,332.760009765625
2013-04-16,329.489990234375
2013-04-17,327.6000061035156
2013-04-18,329.44000244140625
2013-04-19,328.5400085449219
2013-04-20,323.5
2013-04-21,323.75
2013-04-22,323.42999267578125
2013-04-23,322.1700134277344
2013-04-24,318.5299987792969
2013-04-25,325.1600036621094
2013-04-26,324.1300048828125
2013-04-27,322.0
2013-04-28,324.1099853515625
2013-04-29,322.2699890136719
2013-04-30,317.7699890136719
2013-05-01,313.20001220703125
2013-05-02,312.239990234375
2013-05-03,307.8999938964844
2013-05-04,306.82000732421875
2013-05-05,309.20001220703125
2013-05-06,306.5299987792969
2013-05-07,315.6400146484375
2013-05-08,318.9800109863281
2013-05-09,316.79998779296875
2013-05-10,293.80999755859375
2013-05-11,290.4200134277344
2013-05-12,298.0
2013-05-13,299.6099853515625
2013-05-14,299.739990234375
2013-05-15,305.7200012207031
2013-05-16,308.010009765625
2013-05-17,304.25
2013-05-18,304.0
2013-05-19,297.0
2013-05-20,299.989990234375
2013-05-21,305.79998779296875
2013-05-22,312.3800048828125
2013-05-23,312.5799865722656
2013-05-24,317.8900146484375
2013-05-25,332.8800048828125
2013-05-26,328.0
2013-05-27,329.55999755859375
2013-05-28,328.3999938964844
2013-05-29,332.6700134277344
2013-05-30,338.3299865722656
2013-05-31,337.3900146484375
2013-06-01,336.3299865722656
2013-06-02,334.6499938964844
2013-06-03,341.260009765625
2013-06-04,340.6400146484375
2013-06-05,327.92999267578125
2013-06-06,326.7699890136719
2013-06-07,318.5899963378906
2013-06-08,316.92999267578125
2013-06-09,316.55999755859375
2013-06-10,313.6400146484375
2013-06-11,313.19000244140625
2013-06-12,312.6400146484375
2013-06-13,310.6400146484375
2013-06-14,310.8599853515625
2013-06-15,304.489990234375
2013-06-16,299.6700134277344
2013-06-17,304.5
2013-06-18,301.5400085449219
2013-06-19,307.3599853515625
2013-06-20,307.489990234375
2013-06-21,307.0
2013-06-22,310.7799987792969
2013-06-23,314.2699890136719
2013-06-24,313.94000244140625
2013-06-25,312.9800109863281
2013-06-26,314.75
2013-06-27,308.3800048828125
2013-06-28,303.0
2013-06-29,301.2799987792969
2013-06-30,303.1400146484375
2013-07-01,302.8699951171875
2013-07-02,298.510009765625
2013-07-03,301.5
2013-07-04,295.9100036621094
2013-07-05,296.0
2013-07-06,290.7900085449219
2013-07-07,293.3599853515625
2013-07-08,306.0
2013-07-09,312.25
2013-07-10,316.92999267578125
2013-07-11,313.0
2013-07-12,310.239990234375
2013-07-13,311.510009765625
2013-07-14,312.79998779296875
2013-07-15,359.5
2013-07-16,365.0
2013-07-17,367.8200073242188
2013-07-18,367.5
2013-07-19,378.7999877929688
2013-07-20,375.989990234375
2013-07-21,374.4100036621094
2013-07-22,374.2999877929688
2013-07-23,377.1000061035156
2013-07-24,378.510009765625
2013-07-25,383.0
2013-07-26,379.989990234375
2013-07-27,376.739990234375
2013-07-28,381.8800048828125
2013-07-29,383.70001220703125
2013-07-30,384.5400085449219
2013-07-31,380.4800109863281
2013-08-01,387.8500061035156
2013-08-02,389.3699951171875
2013-08-03,385.989990234375
2013-08-04,385.8999938964844
2013-08-05,386.1000061035156
2013-08-06,387.8999938964844
2013-08-07,388.4200134277344
2013-08-08,387.0
2013-08-09,379.3299865722656
2013-08-10,377.7699890136719
2013-08-11,373.3500061035156
2013-08-12,375.5
2013-08-13,373.989990234375
2013-08-14,373.9400024414063
2013-08-15,374.5
2013-08-16,375.989990234375
2013-08-17,377.1099853515625
2013-08-18,379.3699951171875
2013-08-19,381.7699890136719
2013-08-20,375.239990234375
2013-08-21,380.5
2013-08-22,371.3999938964844
2013-08-23,373.1700134277344
2013-08-24,376.1199951171875
2013-08-25,377.70001220703125
2013-08-26,373.1600036621094
2013-08-27,373.2799987792969
2013-08-28,380.20001220703125
2013-08-29,379.30999755859375
2013-08-30,381.5799865722656
2013-08-31,384.4200134277344
2013-09-01,387.1199951171875
2013-09-02,385.2799987792969
2013-09-03,387.80999755859375
2013-09-04,385.7799987792969
2013-09-05,387.45001220703125
2013-09-06,383.55999755859375
2013-09-07,391.9400024414063
2013-09-08,394.6000061035156
2013-09-09,394.2799987792969
2013-09-10,391.8800048828125
2013-09-11,452.6499938964844
2013-09-12,446.989990234375
2013-09-13,439.0
2013-09-14,434.239990234375
2013-09-15,431.75
2013-09-16,425.6400146484375
2013-09-17,429.7699890136719
2013-09-18,427.510009765625
2013-09-19,422.7200012207031
2013-09-20,428.5
2013-09-21,435.20001220703125
2013-09-22,439.0
2013-09-23,433.25
2013-09-24,433.5299987792969
2013-09-25,433.0
2013-09-26,430.3999938964844
2013-09-27,427.2699890136719
2013-09-28,428.239990234375
2013-09-29,427.1000061035156
2013-09-30,436.8999938964844
2013-10-01,432.4400024414063
2013-10-02,427.0
2013-10-03,431.8500061035156
2013-10-04,431.3500061035156
2013-10-05,432.5
2013-10-06,433.1600036621094
2013-10-07,433.2300109863281
2013-10-08,438.3900146484375
2013-10-09,436.760009765625
2013-10-10,430.7999877929688
2013-10-11,426.7999877929688
2013-10-12,427.489990234375
2013-10-13,432.20001220703125
2013-10-14,438.8900146484375
2013-10-15,432.3599853515625
2013-10-16,428.0499877929688
2013-10-17,427.9700012207031
2013-10-18,431.3500061035156
2013-10-19,439.7300109863281
2013-10-20,444.989990234375
2013-10-21,439.239990234375
2013-10-22,447.0400085449219
2013-10-23,446.4700012207031
2013-10-24,443.4700012207031
2013-10-25,443.489990234375
2013-10-26,437.0
2013-10-27,435.5700073242188
2013-10-28,440.0
2013-10-29,438.20001220703125
2013-10-30,439.7300109863281
2013-10-31,437.7300109863281
2013-11-01,435.989990234375
2013-11-02,438.7200012207031
2013-11-03,444.7200012207031
2013-11-04,457.8699951171875
2013-11-05,469.6000061035156
2013-11-06,464.70001220703125
2013-11-07,475.8800048828125
2013-11-08,485.4200134277344
2013-11-09,493.20001220703125
2013-11-10,488.8800048828125
2013-11-11,492.5
2013-11-12,491.6600036621094
2013-11-13,580.5700073242188
2013-11-14,544.9500122070311
2013-11-15,536.3900146484375
2013-11-16,532.969970703125
2013-11-17,539.2000122070311
2013-11-18,542.8400268554689
2013-11-19,540.4400024414061
2013-11-20,536.9500122070311
2013-11-21,539.1400146484375
2013-11-22,542.739990234375
2013-11-23,529.4600219726561
2013-11-24,532.280029296875
2013-11-25,528.97998046875
2013-11-26,527.5
2013-11-27,534.6599731445311
2013-11-28,534.1099853515625
2013-11-29,538.739990234375
2013-11-30,539.489990234375
2013-12-01,537.25
2013-12-02,533.25
2013-12-03,512.3300170898439
2013-12-04,476.5799865722656
2013-12-05,489.4400024414063
2013-12-06,503.7200012207031
2013-12-07,522.6900024414061
2013-12-08,521.5
2013-12-09,519.4099731445311
2013-12-10,510.0
2013-12-11,510.8599853515625
2013-12-12,515.8400268554689
2013-12-13,502.8500061035156
2013-12-14,518.3499755859375
2013-12-15,529.9500122070311
2013-12-16,526.1300048828125
2013-12-17,529.4400024414061
2013-12-18,532.4500122070311
2013-12-19,527.9199829101561
2013-12-20,528.2999877929689
2013-12-21,546.969970703125
2013-12-22,546.239990234375
2013-12-23,549.780029296875
2013-12-24,543.5499877929689
2013-12-25,541.2100219726561
2013-12-26,534.5599975585939
2013-12-27,542.7999877929689
2013-12-28,520.280029296875
2013-12-29,511.4800109863281
2013-12-30,512.7999877929689
2013-12-31,520.7999877929689
2014-01-01,532.5999755859375
2014-01-02,545.9099731445311
2014-01-03,551.5
2014-01-04,542.0
2014-01-05,539.3900146484375
2014-01-06,541.7899780273439
2014-01-07,550.8200073242189
2014-01-08,553.2000122070311
2014-01-09,552.25
2014-01-10,563.0
2014-01-11,570.9400024414062
2014-01-12,579.0
2014-01-13,573.0
2014-01-14,565.25
2014-01-15,569.1500244140625
2014-01-16,619.4500122070312
2014-01-17,609.8499755859375
2014-01-18,614.7100219726562
2014-01-19,617.22998046875
2014-01-20,627.5399780273438
2014-01-21,630.719970703125
2014-01-22,628.6300048828125
2014-01-23,629.8900146484375
2014-01-24,645.9299926757812
2014-01-25,657.0
2014-01-26,662.260009765625
2014-01-27,661.9600219726562
2014-01-28,660.0
2014-01-29,675.9600219726562
2014-01-30,675.6400146484375
2014-01-31,667.0
2014-02-01,649.989990234375
2014-02-02,653.25
2014-02-03,664.8800048828125
2014-02-04,672.8599853515625
2014-02-05,668.8699951171875
2014-02-06,682.77001953125
2014-02-07,675.7999877929688
2014-02-08,679.7000122070312
2014-02-09,680.989990234375
2014-02-10,681.2899780273438
2014-02-11,681.0
2014-02-12,684.8200073242188
2014-02-13,682.7899780273438
2014-02-14,674.780029296875
2014-02-15,675.4600219726562
2014-02-16,679.989990234375
2014-02-17,679.0
2014-02-18,668.530029296875
2014-02-19,657.8800048828125
2014-02-20,658.5900268554688
2014-02-21,671.5
2014-02-22,677.3499755859375
2014-02-23,682.5
2014-02-24,676.8400268554688
2014-02-25,669.9000244140625
2014-02-26,668.489990234375
2014-02-27,666.5999755859375
2014-02-28,664.6799926757812
2014-03-01,675.5
2014-03-02,696.4400024414062
2014-03-03,695.489990234375
2014-03-04,687.75
2014-03-05,657.719970703125
2014-03-06,646.9099731445312
2014-03-07,639.7899780273438
2014-03-08,630.0
2014-03-09,624.1400146484375
2014-03-10,619.8499755859375
2014-03-11,625.989990234375
2014-03-12,620.8800048828125
2014-03-13,602.25
2014-03-14,584.6199951171875
2014-03-15,584.0
2014-03-16,578.4500122070312
2014-03-17,588.8099975585938
2014-03-18,600.0999755859375
2014-03-19,608.5
2014-03-20,604.5
2014-03-21,603.3900146484375
2014-03-22,638.0599975585938
2014-03-23,593.0
2014-03-24,581.7999877929688
2014-03-25,571.5599975585938
2014-03-26,556.0
2014-03-27,538.989990234375
2014-03-28,529.4500122070311
2014-03-29,493.5
2014-03-30,498.3800048828125
2014-03-31,504.6600036621094
2014-04-01,509.2999877929688
2014-04-02,516.75
2014-04-03,524.4500122070311
2014-04-04,537.47998046875
2014-04-05,541.2000122070311
2014-04-06,535.9500122070311
2014-04-07,560.6500244140625
2014-04-08,556.9099731445311
2014-04-09,554.27001953125
2014-04-10,559.3900146484375
2014-04-11,562.5
2014-04-12,564.8099975585938
2014-04-13,579.25
2014-04-14,585.0
2014-04-15,579.8699951171875
2014-04-16,581.4000244140625
2014-04-17,573.6300048828125
2014-04-18,571.3499755859375
2014-04-19,560.3499755859375
2014-04-20,567.0
2014-04-21,570.0599975585938
2014-04-22,576.8900146484375
2014-04-23,581.52001953125
2014-04-24,581.3200073242188
2014-04-25,571.4000244140625
2014-04-26,562.3300170898439
2014-04-27,555.239990234375
2014-04-28,562.760009765625
2014-04-29,572.47998046875
2014-04-30,583.5499877929688
2014-05-01,584.75
2014-05-02,595.8499755859375
2014-05-03,603.239990234375
2014-05-04,600.75
2014-05-05,599.030029296875
2014-05-06,599.5
2014-05-07,593.469970703125
2014-05-08,602.3900146484375
2014-05-09,599.5999755859375
2014-05-10,597.8599853515625
2014-05-11,604.0
2014-05-12,604.0599975585938
2014-05-13,616.8099975585938
2014-05-14,624.3800048828125
2014-05-15,626.77001953125
2014-05-16,637.6400146484375
2014-05-17,638.010009765625
2014-05-18,636.5499877929688
2014-05-19,637.8200073242188
2014-05-20,628.25
2014-05-21,626.97998046875
2014-05-22,626.75
2014-05-23,615.9500122070312
2014-05-24,626.7999877929688
2014-05-25,669.97998046875
2014-05-26,685.5
2014-05-27,680.2999877929688
2014-05-28,674.0
2014-05-29,676.489990234375
2014-05-30,676.9500122070312
2014-05-31,686.97998046875
2014-06-01,704.5499877929688
2014-06-02,719.0
2014-06-03,722.4500122070312
2014-06-04,719.25
2014-06-05,713.25
2014-06-06,714.469970703125
2014-06-07,702.5399780273438
2014-06-08,699.4000244140625
2014-06-09,707.239990234375
2014-06-10,706.0
2014-06-11,707.5
2014-06-12,710.8599853515625
2014-06-13,715.0
2014-06-14,716.5999755859375
2014-06-15,724.22998046875
2014-06-16,726.4299926757812
2014-06-17,728.280029296875
2014-06-18,727.0
2014-06-19,731.5
2014-06-20,730.0
2014-06-21,729.4199829101562
2014-06-22,728.9099731445312
2014-06-23,724.97998046875
2014-06-24,721.989990234375
2014-06-25,720.8099975585938
2014-06-26,722.5599975585938
2014-06-27,718.0
2014-06-28,718.2000122070312
2014-06-29,721.3099975585938
2014-06-30,718.4000244140625
2014-07-01,717.0
2014-07-02,722.1199951171875
2014-07-03,712.530029296875
2014-07-04,696.8200073242188
2014-07-05,708.0
2014-07-06,719.5
2014-07-07,719.3699951171875
2014-07-08,728.0
2014-07-09,729.5599975585938
2014-07-10,737.77001953125
2014-07-11,739.5499877929688
2014-07-12,746.0999755859375
2014-07-13,755.9000244140625
2014-07-14,757.3400268554688
2014-07-15,756.8699951171875
2014-07-16,749.0399780273438
2014-07-17,746.5499877929688
2014-07-18,741.5999755859375
2014-07-19,743.3300170898438
2014-07-20,746.25
2014-07-21,749.3599853515625
2014-07-22,751.280029296875
2014-07-23,748.5
2014-07-24,743.1300048828125
2014-07-25,740.9400024414062
2014-07-26,753.3599853515625
2014-07-27,766.0
2014-07-28,770.5
2014-07-29,765.010009765625
2014-07-30,758.8900146484375
2014-07-31,765.0
2014-08-01,768.469970703125
2014-08-02,767.0
2014-08-03,772.5999755859375
2014-08-04,772.0999755859375
2014-08-05,773.75
2014-08-06,773.1500244140625
2014-08-07,772.0399780273438
2014-08-08,768.72998046875
2014-08-09,765.219970703125
2014-08-10,765.1699829101562
2014-08-11,762.489990234375
2014-08-12,759.8499755859375
2014-08-13,764.7000122070312
2014-08-14,763.4099731445312
2014-08-15,760.5599975585938
2014-08-16,770.0
2014-08-17,774.97998046875
2014-08-18,771.8400268554688
2014-08-19,769.6400146484375
2014-08-20,772.0399780273438
2014-08-21,776.0
2014-08-22,789.47998046875
2014-08-23,790.7899780273438
2014-08-24,786.5
2014-08-25,781.0
2014-08-26,772.6599731445312
2014-08-27,769.8900146484375
2014-08-28,767.5
2014-08-29,770.8699951171875
2014-08-30,780.4600219726562
2014-08-31,781.9400024414062
2014-09-01,781.3699951171875
2014-09-02,790.6900024414062
2014-09-03,805.8900146484375
2014-09-04,807.75
2014-09-05,805.9299926757812
2014-09-06,816.6400146484375
2014-09-07,830.1400146484375
2014-09-08,837.5
2014-09-09,839.9500122070312
2014-09-10,839.8599853515625
2014-09-11,842.3699951171875
2014-09-12,845.6699829101562
2014-09-13,847.2100219726562
2014-09-14,845.9500122070312
2014-09-15,845.2000122070312
2014-09-16,841.2899780273438
2014-09-17,837.6699829101562
2014-09-18,831.7999877929688
2014-09-19,835.739990234375
2014-09-20,822.0
2014-09-21,823.260009765625
2014-09-22,820.6699829101562
2014-09-23,815.7100219726562
2014-09-24,819.4199829101562
2014-09-25,838.2999877929688
2014-09-26,843.0900268554688
2014-09-27,833.4400024414062
2014-09-28,831.719970703125
2014-09-29,789.489990234375
2014-09-30,793.7000122070312
2014-10-01,800.8400268554688
2014-10-02,784.75
2014-10-03,777.0
2014-10-04,766.0
2014-10-05,787.72998046875
2014-10-06,791.739990234375
2014-10-07,777.5
2014-10-08,778.8300170898438
2014-10-09,743.260009765625
2014-10-10,746.0
2014-10-11,746.780029296875
2014-10-12,749.8699951171875
2014-10-13,757.5
2014-10-14,767.739990234375
2014-10-15,780.3499755859375
2014-10-16,792.4000244140625
2014-10-17,781.75
2014-10-18,786.75
2014-10-19,777.0
2014-10-20,769.8900146484375
2014-10-21,768.0900268554688
2014-10-22,753.3699951171875
2014-10-23,748.489990234375
2014-10-24,761.489990234375
2014-10-25,768.239990234375
2014-10-26,770.4199829101562
2014-10-27,773.7899780273438
2014-10-28,770.25
2014-10-29,766.8900146484375
2014-10-30,782.4600219726562
2014-10-31,780.8599853515625
2014-11-01,769.0999755859375
2014-11-02,765.1300048828125
2014-11-03,770.5
2014-11-04,774.3900146484375
2014-11-05,771.219970703125
2014-11-06,771.2100219726562
2014-11-07,766.5
2014-11-08,774.6500244140625
2014-11-09,780.0
2014-11-10,773.4000244140625
2014-11-11,767.4000244140625
2014-11-12,758.760009765625
2014-11-13,759.6799926757812
2014-11-14,782.4000244140625
2014-11-15,799.4400024414062
2014-11-16,801.77001953125
2014-11-17,798.0
2014-11-18,799.5
2014-11-19,814.1300048828125
2014-11-20,821.6500244140625
2014-11-21,816.0
2014-11-22,811.72998046875
2014-11-23,813.510009765625
2014-11-24,816.02001953125
2014-11-25,818.5
2014-11-26,823.989990234375
2014-11-27,837.4199829101562
2014-11-28,843.8400268554688
2014-11-29,839.7000122070312
2014-11-30,833.5
2014-12-01,826.989990234375
2014-12-02,833.780029296875
2014-12-03,842.489990234375
2014-12-04,818.2999877929688
2014-12-05,810.719970703125
2014-12-06,816.1599731445312
2014-12-07,821.47998046875
2014-12-08,825.0
2014-12-09,828.0
2014-12-10,843.0
2014-12-11,838.3099975585938
2014-12-12,842.8099975585938
2014-12-13,845.0
2014-12-14,847.27001953125
2014-12-15,857.97998046875
2014-12-16,858.4299926757812
2014-12-17,860.8599853515625
2014-12-18,845.8099975585938
2014-12-19,852.5
2014-12-20,854.0900268554688
2014-12-21,854.8300170898438
2014-12-22,854.8200073242188
2014-12-23,851.989990234375
2014-12-24,848.489990234375
2014-12-25,848.4600219726562
2014-12-26,853.0700073242188
2014-12-27,856.4000244140625
2014-12-28,857.3499755859375
2014-12-29,855.6900024414062
2014-12-30,853.75
2014-12-31,854.4500122070312
2015-01-01,855.5
2015-01-02,853.8300170898438
2015-01-03,857.7999877929688
2015-01-04,862.7999877929688
2015-01-05,849.3699951171875
2015-01-06,850.8900146484375
2015-01-07,851.7999877929688
2015-01-08,850.2999877929688
2015-01-09,858.4600219726562
2015-01-10,876.4400024414062
2015-01-11,877.0599975585938
2015-01-12,890.3499755859375
2015-01-13,893.489990234375
2015-01-14,908.5399780273438
2015-01-15,923.719970703125
2015-01-16,917.1900024414062
2015-01-17,900.0900268554688
2015-01-18,908.510009765625
2015-01-19,911.239990234375
2015-01-20,904.0900268554688
2015-01-21,894.969970703125
2015-01-22,902.3800048828124
2015-01-23,909.6099853515624
2015-01-24,910.5
2015-01-25,905.3200073242188
2015-01-26,903.6500244140624
2015-01-27,909.989990234375
2015-01-28,909.47998046875
2015-01-29,915.75
2015-01-30,921.8599853515624
2015-01-31,949.5900268554688
2015-02-01,954.4000244140624
2015-02-02,950.0999755859376
2015-02-03,946.0
2015-02-04,945.0
2015-02-05,940.7899780273438
2015-02-06,949.0499877929688
2015-02-07,957.8900146484376
2015-02-08,953.75
2015-02-09,950.2899780273438
2015-02-10,962.7899780273438
2015-02-11,963.1500244140624
2015-02-12,970.0599975585938
2015-02-13,960.4000244140624
2015-02-14,962.75
2015-02-15,968.9199829101562
2015-02-16,971.3800048828124
2015-02-17,975.2000122070312
2015-02-18,981.0
2015-02-19,999.0
2015-02-20,998.6500244140624
2015-02-21,1001.2000122070312
2015-02-22,1000.1199951171876
2015-02-23,998.989990234375
2015-02-24,1008.47998046875
2015-02-25,1013.2100219726562
2015-02-26,1016.5
2015-02-27,1010.25
2015-02-28,1013.6099853515624
2015-03-01,1012.989990234375
2015-03-02,975.9500122070312
2015-03-03,984.5
2015-03-04,990.3400268554688
2015-03-05,965.72998046875
2015-03-06,999.75
2015-03-07,1017.0
2015-03-08,1004.8800048828124
2015-03-09,1002.719970703125
2015-03-10,1006.9600219726562
2015-03-11,1004.6199951171876
2015-03-12,1009.7999877929688
2015-03-13,998.7999877929688
2015-03-14,990.6799926757812
2015-03-15,987.5599975585938
2015-03-16,983.469970703125
2015-03-17,974.489990234375
2015-03-18,975.0
2015-03-19,974.4000244140624
2015-03-20,980.1099853515624
2015-03-21,999.4400024414062
2015-03-22,995.989990234375
2015-03-23,1008.5499877929688
2015-03-24,1006.8800048828124
2015-03-25,1004.4500122070312
2015-03-26,1014.75
2015-03-27,1026.030029296875
2015-03-28,1031.5899658203123
2015-03-29,1034.969970703125
2015-03-30,1026.0999755859377
2015-03-31,1043.010009765625
2015-04-01,1043.3299560546877
2015-04-02,1053.199951171875
2015-04-03,1083.31005859375
2015-04-04,1032.8499755859377
2015-04-05,1019.0499877929688
2015-04-06,1006.4000244140624
2015-04-07,1003.2100219726562
2015-04-08,999.5
2015-04-09,991.6699829101562
2015-04-10,995.0
2015-04-11,996.280029296875
2015-04-12,988.0
2015-04-13,979.8599853515624
2015-04-14,970.3900146484376
2015-04-15,985.5
2015-04-16,991.739990234375
2015-04-17,986.4600219726562
2015-04-18,977.8400268554688
2015-04-19,965.4299926757812
2015-04-20,961.2000122070312
2015-04-21,967.9299926757812
2015-04-22,962.0
2015-04-23,959.0
2015-04-24,957.6199951171876
2015-04-25,953.0
2015-04-26,956.0
2015-04-27,969.4099731445312
2015-04-28,981.0
2015-04-29,984.5
2015-04-30,976.77001953125
2015-05-01,971.8400268554688
2015-05-02,980.5900268554688
2015-05-03,979.8800048828124
2015-05-04,981.9400024414062
2015-05-05,984.6699829101562
2015-05-06,1000.0
2015-05-07,998.5599975585938
2015-05-08,996.25
2015-05-09,992.7899780273438
2015-05-10,978.239990234375
2015-05-11,974.8099975585938
2015-05-12,971.7000122070312
2015-05-13,965.6099853515624
2015-05-14,949.4199829101562
2015-05-15,948.6300048828124
2015-05-16,955.2999877929688
2015-05-17,959.7000122070312
2015-05-18,964.8300170898438
2015-05-19,967.3099975585938
2015-05-20,963.6900024414062
2015-05-21,967.7899780273438
2015-05-22,981.510009765625
2015-05-23,995.75
2015-05-24,998.5
2015-05-25,997.9500122070312
2015-05-26,995.5
2015-05-27,1008.4400024414062
2015-05-28,1007.77001953125
2015-05-29,1009.5700073242188
2015-05-30,1011.469970703125
2015-05-31,1022.3099975585938
2015-06-01,991.0499877929688
2015-06-02,994.6199951171876
2015-06-03,986.780029296875
2015-06-04,979.8499755859376
2015-06-05,984.4400024414062
2015-06-06,982.9000244140624
2015-06-07,1105.5799560546877
2015-06-08,1122.7900390625
2015-06-09,1110.5400390625
2015-06-10,1108.969970703125
2015-06-11,1101.93994140625
2015-06-12,1112.6800537109377
2015-06-13,1125.4100341796877
2015-06-14,1130.5999755859375
2015-06-15,1135.5400390625
2015-06-16,1129.6199951171875
2015-06-17,1131.75
2015-06-18,1139.9000244140625
2015-06-19,1138.0
2015-06-20,1131.75
2015-06-21,1138.1600341796875
2015-06-22,1138.800048828125
2015-06-23,1133.4200439453125
2015-06-24,1140.0
2015-06-25,1160.27001953125
2015-06-26,1186.8399658203125
2015-06-27,1213.4100341796875
2015-06-28,1205.3399658203125
2015-06-29,1194.800048828125
2015-06-30,1178.5699462890625
2015-07-01,1179.6500244140625
2015-07-02,1175.199951171875
2015-07-03,1159.27001953125
2015-07-04,1155.8900146484375
2015-07-05,1163.18994140625
2015-07-06,1172.7900390625
2015-07-07,1169.9000244140625
2015-07-08,1173.5999755859375
2015-07-09,1170.8699951171875
2015-07-10,1177.9300537109375
2015-07-11,1182.75
2015-07-12,1194.780029296875
2015-07-13,1192.969970703125
2015-07-14,1191.0
2015-07-15,1179.1700439453125
2015-07-16,1174.6199951171875
2015-07-17,1178.3199462890625
2015-07-18,1187.2900390625
2015-07-19,1190.0999755859375
2015-07-20,1184.0
2015-07-21,1190.0
2015-07-22,1205.489990234375
2015-07-23,1215.8699951171875
2015-07-24,1229.1400146484375
2015-07-25,1253.0799560546875
2015-07-26,1259.3299560546875
2015-07-27,1254.3299560546875
2015-07-28,1276.77001953125
2015-07-29,1305.760009765625
2015-07-30,1339.93994140625
2015-07-31,1314.0
2015-08-01,1304.5999755859375
2015-08-02,1313.0
2015-08-03,1327.449951171875
2015-08-04,1364.9000244140625
2015-08-05,1388.1600341796875
2015-08-06,1378.3399658203125
2015-08-07,1402.530029296875
2015-08-08,1431.3900146484375
2015-08-09,1439.25
2015-08-10,1472.5799560546875
2015-08-11,1459.8800048828125
2015-08-12,1498.0
2015-08-13,1458.97998046875
2015-08-14,1443.989990234375
2015-08-15,1460.989990234375
2015-08-16,1433.75
2015-08-17,1383.5
2015-08-18,1393.81005859375
2015-08-19,1419.719970703125
2015-08-20,1452.06005859375
2015-08-21,1468.93994140625
2015-08-22,1465.800048828125
2015-08-23,1488.77001953125
2015-08-24,1503.489990234375
2015-08-25,1502.5400390625
2015-08-26,1500.0
2015-08-27,1522.8399658203125
2015-08-28,1526.780029296875
2015-08-29,1528.699951171875
2015-08-30,1518.489990234375
2015-08-31,1501.050048828125
2015-09-01,1525.3800048828125
2015-09-02,1542.1300048828125
2015-09-03,1545.9000244140625
2015-09-04,1554.8800048828125
2015-09-05,1578.93994140625
2015-09-06,1605.3299560546875
2015-09-07,1617.5400390625
2015-09-08,1606.43994140625
2015-09-09,1596.9100341796875
2015-09-10,1589.43994140625
2015-09-11,1561.6600341796875
2015-09-12,1587.0
2015-09-13,1590.0
2015-09-14,1573.8499755859375
2015-09-15,1549.02001953125
2015-09-16,1556.989990234375
2015-09-17,1575.969970703125
2015-09-18,1455.9000244140625
2015-09-19,1455.469970703125
2015-09-20,1421.3599853515625
2015-09-21,1414.0
2015-09-22,1415.3900146484375
2015-09-23,1459.56005859375
2015-09-24,1452.5
2015-09-25,1438.47998046875
2015-09-26,1438.3800048828125
2015-09-27,1448.780029296875
2015-09-28,1452.1199951171875
2015-09-29,1459.780029296875
2015-09-30,1447.0
2015-10-01,1507.18994140625
2015-10-02,1533.800048828125
2015-10-03,1568.52001953125
2015-10-04,1561.199951171875
2015-10-05,1548.0
2015-10-06,1539.5
2015-10-07,1469.989990234375
2015-10-08,1529.4200439453125
2015-10-09,1638.0999755859375
2015-10-10,1596.0
2015-10-11,1585.0
2015-10-12,1588.5
2015-10-13,1574.800048828125
2015-10-14,1584.9000244140625
2015-10-15,1606.949951171875
2015-10-16,1596.8800048828125
2015-10-17,1608.0
2015-10-18,1615.5999755859375
2015-10-19,1611.0999755859375
2015-10-20,1611.1800537109375
2015-10-21,1587.800048828125
2015-10-22,1594.4300537109375
2015-10-23,1594.0400390625
2015-10-24,1583.5899658203125
2015-10-25,1592.050048828125
2015-10-26,1589.8900146484375
2015-10-27,1601.8599853515625
2015-10-28,1608.239990234375
2015-10-29,1614.1199951171875
2015-10-30,1621.7900390625
2015-10-31,1626.0
2015-11-01,1635.0
2015-11-02,1646.72998046875
2015-11-03,1665.6800537109375
2015-11-04,1699.0
2015-11-05,1714.5
2015-11-06,1699.9000244140625
2015-11-07,1689.43994140625
2015-11-08,1694.239990234375
2015-11-09,1699.510009765625
2015-11-10,1713.75
2015-11-11,1724.800048828125
2015-11-12,1720.8699951171875
2015-11-13,1726.739990234375
2015-11-14,1736.1099853515625
2015-11-15,1762.9300537109375
2015-11-16,1763.0999755859375
2015-11-17,1743.0
2015-11-18,1705.0
2015-11-19,1701.5699462890625
2015-11-20,1711.949951171875
2015-11-21,1705.5
2015-11-22,1723.4100341796875
2015-11-23,1713.8900146484375
2015-11-24,1725.0
2015-11-25,1710.68994140625
2015-11-26,1715.27001953125
2015-11-27,1739.56005859375
2015-11-28,1750.0
2015-11-29,1756.9599609375
2015-11-30,1798.0
2015-12-01,1815.300048828125
2015-12-02,1841.949951171875
2015-12-03,1851.68994140625
2015-12-04,1858.8800048828125
2015-12-05,1841.0
2015-12-06,1834.8399658203125
2015-12-07,1819.0
2015-12-08,1840.0
2015-12-09,1863.8399658203125
2015-12-10,1844.6800537109373
2015-12-11,1880.050048828125
2015-12-12,1829.5
2015-12-13,1801.8299560546875
2015-12-14,1798.43994140625
2015-12-15,1836.56005859375
2015-12-16,1841.0
2015-12-17,1847.77001953125
2015-12-18,1869.719970703125
2015-12-19,1891.510009765625
2015-12-20,1914.5699462890625
2015-12-21,1899.5
2015-12-22,1925.0
2015-12-23,1921.010009765625
2015-12-24,1916.2099609375
2015-12-25,1905.0
2015-12-26,1888.0
2015-12-27,1891.75
2015-12-28,1897.75
2015-12-29,1905.800048828125
2015-12-30,1919.5
2015-12-31,1916.010009765625
2016-01-01,1927.699951171875
2016-01-02,1941.780029296875
2016-01-03,1998.68994140625
2016-01-04,2025.5699462890625
2016-01-05,2022.3800048828125
2016-01-06,2050.5
2016-01-07,2040.3800048828125
2016-01-08,2007.5
2016-01-09,1975.199951171875
2016-01-10,1973.0400390625
2016-01-11,1988.8800048828125
2016-01-12,2000.0
2016-01-13,2008.760009765625
2016-01-14,1993.6500244140625
2016-01-15,1956.8199462890625
2016-01-16,1958.199951171875
2016-01-17,1940.8299560546875
2016-01-18,1955.0
2016-01-19,1957.31005859375
2016-01-20,1936.8800048828125
2016-01-21,1975.9100341796875
2016-01-22,1995.25
2016-01-23,2016.1600341796875
2016-01-24,2026.52001953125
2016-01-25,2033.18994140625
2016-01-26,2013.3900146484373
2016-01-27,1989.699951171875
2016-01-28,1956.0
2016-01-29,1929.0799560546875
2016-01-30,1902.0
2016-01-31,1896.6800537109373
2016-02-01,1858.56005859375
2016-02-02,1755.4000244140625
2016-02-03,1808.949951171875
2016-02-04,1795.050048828125
2016-02-05,1823.8800048828125
2016-02-06,1845.0
2016-02-07,1830.1500244140625
2016-02-08,1809.0999755859373
2016-02-09,1809.5
2016-02-10,1776.3399658203125
2016-02-11,1777.7099609375
2016-02-12,1794.81005859375
2016-02-13,1698.4599609375
2016-02-14,1665.739990234375
2016-02-15,1540.989990234375
2016-02-16,1623.9100341796875
2016-02-17,1670.449951171875
2016-02-18,1697.43994140625
2016-02-19,1658.0899658203125
2016-02-20,1665.0
2016-02-21,1759.22998046875
2016-02-22,1784.0
2016-02-23,1743.9200439453125
2016-02-24,1708.550048828125
2016-02-25,1677.06005859375
2016-02-26,1673.0
2016-02-27,1624.8199462890625
2016-02-28,1614.47998046875
2016-02-29,1581.18994140625
2016-03-01,1534.75
2016-03-02,1550.0
2016-03-03,1536.199951171875
2016-03-04,1584.81005859375
2016-03-05,1597.6500244140625
2016-03-06,1681.449951171875
2016-03-07,1689.989990234375
2016-03-08,1696.0
2016-03-09,1778.3399658203125
2016-03-10,1770.3399658203125
2016-03-11,1701.050048828125
2016-03-12,1718.9300537109375
2016-03-13,1657.989990234375
2016-03-14,1679.469970703125
2016-03-15,1704.989990234375
2016-03-16,1692.1199951171875
2016-03-17,1642.5699462890625
2016-03-18,1576.1300048828125
2016-03-19,1567.550048828125
2016-03-20,1584.530029296875
2016-03-21,1509.5
2016-03-22,1480.0
2016-03-23,1396.030029296875
2016-03-24,1473.1600341796875
2016-03-25,1469.0
2016-03-26,1513.469970703125
2016-03-27,1520.760009765625
2016-03-28,1553.3599853515625
2016-03-29,1538.0
2016-03-30,1594.0
2016-03-31,1634.56005859375
2016-04-01,1676.6099853515625
2016-04-02,1667.800048828125
2016-04-03,1663.25
2016-04-04,1660.2900390625
2016-04-05,1648.199951171875
2016-04-06,1675.1600341796875
2016-04-07,1705.0
2016-04-08,1700.1700439453125
2016-04-09,1716.199951171875
2016-04-10,1681.8699951171875
2016-04-11,1657.4300537109375
2016-04-12,1657.260009765625
2016-04-13,1683.47998046875
2016-04-14,1645.0
2016-04-15,1632.3800048828125
2016-04-16,1676.949951171875
2016-04-17,1736.4100341796875
2016-04-18,1673.06005859375
2016-04-19,1649.6300048828125
2016-04-20,1665.260009765625
2016-04-21,1672.260009765625
2016-04-22,1625.5400390625
2016-04-23,1588.5899658203125
2016-04-24,1609.2900390625
2016-04-25,1639.4000244140625
2016-04-26,1656.3800048828125
2016-04-27,1637.9000244140625
2016-04-28,1628.9100341796875
2016-04-29,1634.0
2016-04-30,1634.9300537109375
2016-05-01,1623.56005859375
2016-05-02,1634.93994140625
2016-05-03,1654.5999755859375
2016-05-04,1639.989990234375
2016-05-05,1641.81005859375
2016-05-06,1651.77001953125
2016-05-07,1674.260009765625
2016-05-08,1709.4300537109375
2016-05-09,1707.800048828125
2016-05-10,1697.75
2016-05-11,1669.75
2016-05-12,1622.719970703125
2016-05-13,1672.2900390625
2016-05-14,1684.27001953125
2016-05-15,1700.0
2016-05-16,1702.0
2016-05-17,1718.800048828125
2016-05-18,1750.0
2016-05-19,1784.1600341796875
2016-05-20,1799.5
2016-05-21,1823.75
2016-05-22,1818.97998046875
2016-05-23,1782.6800537109375
2016-05-24,1805.77001953125
2016-05-25,1787.5
2016-05-26,1777.9300537109375
2016-05-27,1792.8599853515625
2016-05-28,1815.6700439453125
2016-05-29,1820.0
2016-05-30,1830.0
2016-05-31,1828.75
2016-06-01,1838.5799560546875
2016-06-02,1850.199951171875
2016-06-03,1853.0899658203125
2016-06-04,1848.0
2016-06-05,1849.949951171875
2016-06-06,1851.5
2016-06-07,1846.8499755859373
2016-06-08,1869.77001953125
2016-06-09,1876.469970703125
2016-06-10,1870.8199462890625
2016-06-11,1888.4200439453125
2016-06-12,1929.260009765625
2016-06-13,1929.68994140625
2016-06-14,1922.449951171875
2016-06-15,1951.0
2016-06-16,1956.3399658203125
2016-06-17,1935.7099609375
2016-06-18,1943.6400146484373
2016-06-19,1921.550048828125
2016-06-20,1964.4000244140625
2016-06-21,1959.0
2016-06-22,1949.0999755859373
2016-06-23,1935.3699951171875
2016-06-24,1909.4000244140625
2016-06-25,1903.7900390625
2016-06-26,1846.5400390625
2016-06-27,1852.43994140625
2016-06-28,1874.4300537109373
2016-06-29,1917.510009765625
2016-06-30,1910.530029296875
2016-07-01,1867.780029296875
2016-07-02,1879.0
2016-07-03,1871.489990234375
2016-07-04,1844.0
2016-07-05,1841.760009765625
2016-07-06,1849.27001953125
2016-07-07,1830.0
2016-07-08,1829.469970703125
2016-07-09,1795.5899658203125
2016-07-10,1766.2900390625
2016-07-11,1730.8199462890625
2016-07-12,1752.0
2016-07-13,1760.0
2016-07-14,1806.25
2016-07-15,1884.8699951171875
2016-07-16,1893.699951171875
2016-07-17,1865.0
2016-07-18,1883.0899658203125
2016-07-19,1876.0
2016-07-20,1895.68994140625
2016-07-21,1921.6700439453125
2016-07-22,1919.5799560546875
2016-07-23,1935.199951171875
2016-07-24,1925.949951171875
2016-07-25,1916.8599853515625
2016-07-26,1916.3900146484373
2016-07-27,1903.800048828125
2016-07-28,1911.239990234375
2016-07-29,1912.93994140625
2016-07-30,1929.8199462890625
2016-07-31,1934.7900390625
2016-08-01,1941.5899658203125
2016-08-02,1945.9000244140625
2016-08-03,1956.0
2016-08-04,1990.010009765625
2016-08-05,2024.93994140625
2016-08-06,2035.800048828125
2016-08-07,2017.0
2016-08-08,2022.9000244140625
2016-08-09,2026.3199462890625
2016-08-10,2012.0
2016-08-11,1987.5
2016-08-12,1996.0
2016-08-13,1989.0
2016-08-14,1997.7900390625
2016-08-15,2001.300048828125
2016-08-16,2001.199951171875
2016-08-17,1950.9000244140625
2016-08-18,1932.22998046875
2016-08-19,1909.8900146484373
2016-08-20,1899.550048828125
2016-08-21,1897.9200439453125
2016-08-22,1846.3599853515625
2016-08-23,1788.6700439453125
2016-08-24,1793.77001953125
2016-08-25,1798.9300537109375
2016-08-26,1834.260009765625
2016-08-27,1831.0899658203125
2016-08-28,1800.97998046875
2016-08-29,1831.739990234375
2016-08-30,1795.6500244140625
2016-08-31,1788.0
2016-09-01,1802.9100341796875
2016-09-02,1826.0
2016-09-03,1816.8199462890625
2016-09-04,1829.5799560546875
2016-09-05,1829.4100341796875
2016-09-06,1804.9000244140625
2016-09-07,1770.0
2016-09-08,1779.4000244140625
2016-09-09,1767.8599853515625
2016-09-10,1798.550048828125
2016-09-11,1799.739990234375
2016-09-12,1800.800048828125
2016-09-13,1807.6300048828125
2016-09-14,1842.0
2016-09-15,1840.6500244140625
2016-09-16,1850.0
2016-09-17,1825.81005859375
2016-09-18,1833.4200439453125
2016-09-19,1853.6600341796875
2016-09-20,1846.1199951171875
2016-09-21,1825.68994140625
2016-09-22,1823.989990234375
2016-09-23,1822.06005859375
2016-09-24,1832.5699462890625
2016-09-25,1830.6300048828125
2016-09-26,1792.699951171875
2016-09-27,1795.7099609375
2016-09-28,1773.0
2016-09-29,1763.3699951171875
2016-09-30,1749.1199951171875
2016-10-01,1737.4599609375
2016-10-02,1755.5999755859375
2016-10-03,1728.8900146484375
2016-10-04,1725.0
2016-10-05,1740.5799560546875
2016-10-06,1747.8299560546875
2016-10-07,1727.0
2016-10-08,1729.949951171875
2016-10-09,1738.2900390625
2016-10-10,1745.449951171875
2016-10-11,1741.8900146484375
2016-10-12,1776.449951171875
2016-10-13,1786.239990234375
2016-10-14,1798.8499755859375
2016-10-15,1793.97998046875
2016-10-16,1785.8800048828125
2016-10-17,1789.780029296875
2016-10-18,1770.050048828125
2016-10-19,1788.3399658203125
2016-10-20,1764.2099609375
2016-10-21,1778.699951171875
2016-10-22,1777.0
2016-10-23,1782.3800048828125
2016-10-24,1792.0
2016-10-25,1797.449951171875
2016-10-26,1815.06005859375
2016-10-27,1810.25
2016-10-28,1802.5
2016-10-29,1805.9000244140625
2016-10-30,1789.8800048828125
2016-10-31,1780.0
2016-11-01,1786.219970703125
2016-11-02,1775.0
2016-11-03,1766.5899658203125
2016-11-04,1761.6800537109375
2016-11-05,1753.699951171875
2016-11-06,1760.6800537109375
2016-11-07,1762.52001953125
2016-11-08,1746.8699951171875
2016-11-09,1746.4300537109375
2016-11-10,1777.4200439453125
2016-11-11,1797.030029296875
2016-11-12,1824.5
2016-11-13,1824.68994140625
2016-11-14,1805.550048828125
2016-11-15,1772.8699951171875
2016-11-16,1789.0899658203125
2016-11-17,1763.5
2016-11-18,1754.4000244140625
2016-11-19,1766.8900146484375
2016-11-20,1750.6700439453125
2016-11-21,1750.0
2016-11-22,1764.0
2016-11-23,1768.989990234375
2016-11-24,1769.5
2016-11-25,1792.0
2016-11-26,1798.199951171875
2016-11-27,1792.989990234375
2016-11-28,1802.969970703125
2016-11-29,1793.0
2016-11-30,1795.5699462890625
2016-12-01,1870.4599609375
2016-12-02,1901.4000244140625
2016-12-03,1884.0
2016-12-04,1853.260009765625
2016-12-05,1898.010009765625
2016-12-06,1886.199951171875
2016-12-07,1903.68994140625
2016-12-08,1913.8900146484373
2016-12-09,1911.0
2016-12-10,1917.8199462890625
2016-12-11,1906.93994140625
2016-12-12,1898.0
2016-12-13,1887.1099853515625
2016-12-14,1878.8599853515625
2016-12-15,1885.5899658203125
2016-12-16,1886.6400146484373
2016-12-17,1894.27001953125
2016-12-18,1902.5
2016-12-19,1889.97998046875
2016-12-20,1894.989990234375
2016-12-21,1841.0
2016-12-22,1858.1099853515625
2016-12-23,1874.75
2016-12-24,1872.8699951171875
2016-12-25,2055.719970703125
2016-12-26,2048.5
2016-12-27,2059.800048828125
2016-12-28,2071.02001953125
2016-12-29,2056.300048828125
2016-12-30,2098.530029296875
